/*
 Navicat Premium Data Transfer

 Source Server Type    : MySQL
 Source Server Version : 50508
 Source Host           : localhost:3306
 Source Schema         : employee

 Target Server Type    : MySQL
 Target Server Version : 50508
 File Encoding         : 65001

 Date: 09/10/2023 16:14:40
*/

SET NAMES utf8mb4;
SET FOREIGN_KEY_CHECKS = 0;

-- ----------------------------
-- Table structure for admininfo
-- ----------------------------
DROP TABLE IF EXISTS `admininfo`;
CREATE TABLE `admininfo`  (
  `adminId` int(11) NOT NULL AUTO_INCREMENT,
  `adminName` varchar(50) CHARACTER SET utf8 COLLATE utf8_general_ci NULL DEFAULT NULL,
  `password` varchar(50) CHARACTER SET utf8 COLLATE utf8_general_ci NULL DEFAULT NULL,
  `note` varchar(128) CHARACTER SET utf8 COLLATE utf8_general_ci NULL DEFAULT NULL,
  PRIMARY KEY (`adminId`) USING BTREE
) ENGINE = InnoDB AUTO_INCREMENT = 4 CHARACTER SET = utf8 COLLATE = utf8_general_ci ROW_FORMAT = Compact;

-- ----------------------------
-- Records of admininfo
-- ----------------------------
INSERT INTO `admininfo` VALUES (1, 'root', 'root', '这个是root用户');
INSERT INTO `admininfo` VALUES (2, 'admin', '123456', '这个是root用户');
INSERT INTO `admininfo` VALUES (3, '123456789', '987654321', '随便');

-- ----------------------------
-- Table structure for department
-- ----------------------------
DROP TABLE IF EXISTS `department`;
CREATE TABLE `department`  (
  `departmentId` int(11) NOT NULL,
  `departmentName` varchar(50) CHARACTER SET utf8 COLLATE utf8_general_ci NULL DEFAULT NULL,
  `managerId` int(11) NULL DEFAULT NULL,
  `locationId` int(11) NULL DEFAULT NULL,
  PRIMARY KEY (`departmentId`) USING BTREE
) ENGINE = InnoDB CHARACTER SET = utf8 COLLATE = utf8_general_ci ROW_FORMAT = Compact;

-- ----------------------------
-- Records of department
-- ----------------------------
INSERT INTO `department` VALUES (101, '总经理办', 1001, 1);
INSERT INTO `department` VALUES (102, '行政部', 1002, 1);
INSERT INTO `department` VALUES (103, '开发部', 1003, 1);
INSERT INTO `department` VALUES (104, '市场部', 1004, 1);
INSERT INTO `department` VALUES (105, '技术支持部', 1005, 1);
INSERT INTO `department` VALUES (201, '总经理办', 2001, 2);
INSERT INTO `department` VALUES (202, '行政部', 2002, 2);
INSERT INTO `department` VALUES (204, '市场部', 2004, 2);
INSERT INTO `department` VALUES (301, '总经理办', 3001, 3);
INSERT INTO `department` VALUES (302, '行政部', 3002, 3);
INSERT INTO `department` VALUES (303, '开发部', 3003, 3);
INSERT INTO `department` VALUES (304, '市场部', 3004, 3);
INSERT INTO `department` VALUES (305, '技术支持部', 3005, 3);
INSERT INTO `department` VALUES (306, '测试部', 3006, 3);
INSERT INTO `department` VALUES (401, '总经理办', 4001, 4);
INSERT INTO `department` VALUES (402, '行政部', 4002, 4);
INSERT INTO `department` VALUES (404, '市场部', 4004, 4);
INSERT INTO `department` VALUES (501, '总经理办', 5001, 5);
INSERT INTO `department` VALUES (502, '行政部', 5002, 5);
INSERT INTO `department` VALUES (504, '市场部', 5004, 3);
INSERT INTO `department` VALUES (505, '技术支持部', 5005, 5);
INSERT INTO `department` VALUES (601, '总经理办', 6001, 6);
INSERT INTO `department` VALUES (602, '行政部', 6002, 6);
INSERT INTO `department` VALUES (604, '市场部', 6004, 6);
INSERT INTO `department` VALUES (701, '总经理办', 7001, 7);
INSERT INTO `department` VALUES (702, '行政部', 7002, 7);
INSERT INTO `department` VALUES (703, '开发部', 7003, 7);
INSERT INTO `department` VALUES (704, '市场部', 7004, 7);
INSERT INTO `department` VALUES (705, '技术支持部', 7005, 7);
INSERT INTO `department` VALUES (706, '测试部', 7006, 7);
INSERT INTO `department` VALUES (707, '人力资源部', 7007, 7);
INSERT INTO `department` VALUES (801, '总经理办', 8001, 8);
INSERT INTO `department` VALUES (802, '行政部', 8002, 8);
INSERT INTO `department` VALUES (804, '市场部', 8004, 8);
INSERT INTO `department` VALUES (901, '总经理办', 9001, 9);
INSERT INTO `department` VALUES (902, '行政部', 9002, 9);
INSERT INTO `department` VALUES (904, '市场部', 9004, 9);
INSERT INTO `department` VALUES (905, '技术支持部', 9005, 9);
INSERT INTO `department` VALUES (1001, '总经理办', 10001, 10);
INSERT INTO `department` VALUES (1002, '行政部', 10002, 10);
INSERT INTO `department` VALUES (1004, '市场部', 10004, 10);
INSERT INTO `department` VALUES (1005, '技术支持部', 10005, 10);
INSERT INTO `department` VALUES (1101, '总经理办', 11001, 11);
INSERT INTO `department` VALUES (1102, '行政部', 11002, 11);
INSERT INTO `department` VALUES (1104, '市场部', 11004, 11);
INSERT INTO `department` VALUES (1105, '技术支持部', 11005, 11);

-- ----------------------------
-- Table structure for employee
-- ----------------------------
DROP TABLE IF EXISTS `employee`;
CREATE TABLE `employee`  (
  `id` int(11) NOT NULL,
  `name` varchar(60) CHARACTER SET utf8 COLLATE utf8_general_ci NOT NULL,
  `idCard` varchar(128) CHARACTER SET utf8 COLLATE utf8_general_ci NULL DEFAULT NULL,
  `email` varchar(128) CHARACTER SET utf8 COLLATE utf8_general_ci NULL DEFAULT NULL,
  `phone` varchar(50) CHARACTER SET utf8 COLLATE utf8_general_ci NULL DEFAULT NULL,
  `hiredate` date NULL DEFAULT NULL,
  `salary` float NULL DEFAULT NULL,
  `jobId` varchar(20) CHARACTER SET utf8 COLLATE utf8_general_ci NOT NULL,
  `departmentId` int(20) NULL DEFAULT NULL,
  PRIMARY KEY (`id`) USING BTREE,
  INDEX `jobId`(`jobId`) USING BTREE,
  INDEX `departmentId`(`departmentId`) USING BTREE,
  CONSTRAINT `employee_ibfk_1` FOREIGN KEY (`jobId`) REFERENCES `job` (`jobId`) ON DELETE RESTRICT ON UPDATE RESTRICT,
  CONSTRAINT `employee_ibfk_2` FOREIGN KEY (`departmentId`) REFERENCES `department` (`departmentId`) ON DELETE RESTRICT ON UPDATE RESTRICT
) ENGINE = InnoDB CHARACTER SET = utf8 COLLATE = utf8_general_ci ROW_FORMAT = Compact;

-- ----------------------------
-- Records of employee
-- ----------------------------
INSERT INTO `employee` VALUES (1001, '马学铭', '340102196202303000', 'maxueming@dameng.com', '15312348552', '2008-05-30', 30000, '11', 101);
INSERT INTO `employee` VALUES (1002, '程擎武', '630103197612261000', 'chengqingwu@dameng.com', '13912366391', '2012-03-27', 9000, '21', 102);
INSERT INTO `employee` VALUES (1003, '郑吉群', '11010319670412101X', 'zhengjiqun@dameng.com', '18512355646', '2010-12-11', 15000, '31', 103);
INSERT INTO `employee` VALUES (1004, '陈仙', '360107196704031000', 'chenxian@dameng.com', '13012347208', '2012-06-25', 12000, '41', 104);
INSERT INTO `employee` VALUES (1005, '金纬', '450105197911131000', 'jinwei@dameng.com', '13612374154', '2011-05-12', 10000, '51', 105);
INSERT INTO `employee` VALUES (1100, '陈辰', '620107197404067000', 'chenchen@dameng.com', '15912369067', '2009-07-06', 10587, '12', 101);
INSERT INTO `employee` VALUES (1101, '杨毓', '23010119870807092X', 'yangshu@dameng.com', '15112362950', '2009-11-21', 10602, '12', 101);
INSERT INTO `employee` VALUES (1102, '严云飞', '640104196903112000', 'yanyunfei@dameng.com', '13612371470', '2013-10-02', 10613, '12', 101);
INSERT INTO `employee` VALUES (1103, '郑旭明', '210107197407155000', 'zhengxuming@dameng.com', '15512353180', '2009-09-12', 10622, '12', 101);
INSERT INTO `employee` VALUES (1104, '王金玉', '410107197103257000', 'wangjinyu@dameng.com', '15812357994', '2013-09-23', 3133, '22', 102);
INSERT INTO `employee` VALUES (1105, '林炳森', '620107198903104000', 'linbingsen@dameng.com', '13812356735', '2009-08-04', 3143, '22', 102);
INSERT INTO `employee` VALUES (1106, '周魏', '610103197106041000', 'zhouwei@dameng.com', '13112377505', '2011-07-14', 3153, '22', 102);
INSERT INTO `employee` VALUES (1107, '程东生', '360104197211124000', 'chengdongsheng@dameng.com', '15512349585', '2014-05-23', 3163, '22', 102);
INSERT INTO `employee` VALUES (1108, '马文星', '370104199004020000', 'mawenxing@dameng.com', '13812367256', '2010-04-04', 12672, '32', 103);
INSERT INTO `employee` VALUES (1109, '马起芬', '430106197102248000', 'maqifen@dameng.com', '13912371190', '2012-03-14', 12682, '32', 103);
INSERT INTO `employee` VALUES (1110, '陈梦诗', '130104196712279000', 'chenmengshi@dameng.com', '13712363873', '2008-02-15', 12692, '32', 103);
INSERT INTO `employee` VALUES (1111, '张永健', '450107197909284000', 'zhangyongjian@dameng.com', '15312360270', '2012-01-05', 12702, '32', 103);
INSERT INTO `employee` VALUES (1112, '陈典静', '520103197709111000', 'chendianjing@dameng.com', '18912377391', '2008-07-22', 12720, '32', 103);
INSERT INTO `employee` VALUES (1113, '杨恩卫', '430106198811121000', 'yangenwei@dameng.com', '15712370455', '2011-06-03', 12729, '32', 103);
INSERT INTO `employee` VALUES (1114, '陈同岩', '230101198411108000', 'chentongyan@dameng.com', '13312372464', '2013-04-13', 12739, '32', 103);
INSERT INTO `employee` VALUES (1115, '李娟', '110107199108015000', 'lijuan@dameng.com', '18612355222', '2009-03-23', 12749, '32', 103);
INSERT INTO `employee` VALUES (1116, '吴军', '320104198412015000', 'wujun@dameng.com', '18412366334', '2012-02-27', 12758, '32', 103);
INSERT INTO `employee` VALUES (1117, '薛俊霞', '420101198402159000', 'xuejunxia@dameng.com', '13712371870', '2008-09-16', 3254, '42', 104);
INSERT INTO `employee` VALUES (1118, '李新磊', '630107196603025000', 'lixinlei@dameng.com', '18512354308', '2012-01-12', 3279, '42', 104);
INSERT INTO `employee` VALUES (1119, '蔡圣燕', '310102197906033000', 'caishengyan@dameng.com', '15312377534', '2009-02-25', 3290, '42', 104);
INSERT INTO `employee` VALUES (1120, '方秀峰', '610106198011091000', 'fangxiufeng@dameng.com', '15212377799', '2014-02-09', 3302, '42', 104);
INSERT INTO `employee` VALUES (1121, '陈智辉', '330104198608115000', 'chenzhihui@dameng.com', '18712356842', '2010-02-20', 3312, '42', 104);
INSERT INTO `employee` VALUES (1122, '朱俊', '640105197009273000', 'zhujun@dameng.com', '14512370921', '2014-02-04', 3323, '42', 104);
INSERT INTO `employee` VALUES (1123, '董乐', '510104198501297000', 'dongle@dameng.com', '18612372884', '2011-02-15', 3334, '42', 104);
INSERT INTO `employee` VALUES (1124, '乔雅雯', '110105197705257000', 'qiaoyawen@dameng.com', '14512371354', '2008-01-20', 3345, '42', 104);
INSERT INTO `employee` VALUES (1125, '郑玉笙', '50010619690816171X', 'zhengyusheng@dameng.com', '15712360291', '2012-01-01', 3356, '42', 104);
INSERT INTO `employee` VALUES (1126, '简戈满', '310103199003106000', 'jiangeman@dameng.com', '14712370051', '2008-01-12', 3366, '42', 104);
INSERT INTO `employee` VALUES (1127, '郑佳俊', '620106198403296000', 'zhengjiajun@dameng.com', '18612355091', '2012-01-23', 3377, '42', 104);
INSERT INTO `employee` VALUES (1128, '金勇', '340101197711118000', 'jinyong@dameng.com', '13212355586', '2009-11-05', 3388, '42', 104);
INSERT INTO `employee` VALUES (1129, '蔡燕萍', '120106196806128000', 'caiyanping@dameng.com', '13512369536', '2014-01-16', 3399, '42', 104);
INSERT INTO `employee` VALUES (1130, '冯汕珊', '140105198412037000', 'fengshanshan@dameng.com', '18212360914', '2010-11-27', 3410, '42', 104);
INSERT INTO `employee` VALUES (1131, '王井良', '140105196802134000', 'wangjingliang@dameng.com', '18712357030', '2014-11-08', 3420, '42', 104);
INSERT INTO `employee` VALUES (1132, '阙艺弘', '34010319761025074X', 'kanyihong@dameng.com', '18512373693', '2010-10-19', 3431, '42', 104);
INSERT INTO `employee` VALUES (1133, '毛剑锋', '22010719770122852X', 'maojianfeng@dameng.com', '18612352157', '2014-10-01', 3442, '42', 104);
INSERT INTO `employee` VALUES (1134, '黄云烽', '430107197208106000', 'huangyunfeng@dameng.com', '15112349794', '2011-10-12', 3453, '42', 104);
INSERT INTO `employee` VALUES (1135, '袁霖志', '62010519861104896X', 'yuanlinzhi@dameng.com', '18412359965', '2008-10-22', 3464, '42', 104);
INSERT INTO `employee` VALUES (1136, '俞少平', '120106199109289000', 'yushaoping@dameng.com', '18212368801', '2010-05-26', 9613, '52', 105);
INSERT INTO `employee` VALUES (1137, '陈国红', '620105198403183000', 'chenguohong@dameng.com', '13312376188', '2008-06-10', 9625, '52', 105);
INSERT INTO `employee` VALUES (1138, '谢威远', '650106197010302000', 'xieweiyuan@dameng.com', '18612371804', '2011-06-20', 9635, '52', 105);
INSERT INTO `employee` VALUES (1139, '汪明勇', '420104197104086000', 'wangmingyong@dameng.com', '15712357204', '2008-05-01', 9645, '52', 105);
INSERT INTO `employee` VALUES (1140, '黄岳伦', '310104198609260000', 'huangyuelun@dameng.com', '18412364563', '2010-04-11', 9655, '52', 105);
INSERT INTO `employee` VALUES (1141, '钟坤', '440105198902106000', 'zhongkun@dameng.com', '18812348088', '2014-03-21', 9665, '52', 105);
INSERT INTO `employee` VALUES (1142, '何小广', '510103197701170000', 'hexiaoguang@dameng.com', '18412362500', '2010-02-05', 9675, '52', 105);
INSERT INTO `employee` VALUES (1143, '王辉', '110103197709174000', 'wanghui@dameng.com', '15912377751', '2013-01-12', 9685, '52', 105);
INSERT INTO `employee` VALUES (1144, '王金英', '330103196804270000', 'wangjinying@dameng.com', '15712363003', '2009-11-22', 9695, '52', 105);
INSERT INTO `employee` VALUES (1145, '王珊珊', '310104198006255000', 'wangshanshan@dameng.com', '18512363649', '2012-10-03', 9706, '52', 105);
INSERT INTO `employee` VALUES (1146, '周荣见', '140103198104244000', 'zhourongjian@dameng.com', '14512367196', '2008-09-13', 9715, '52', 105);
INSERT INTO `employee` VALUES (1147, '练为振', '130101198806234000', 'lianweizhen@dameng.com', '14512373148', '2011-08-23', 9725, '52', 105);
INSERT INTO `employee` VALUES (1148, '陈丹', '430102196807308000', 'chendan@dameng.com', '15112375283', '2013-06-04', 9735, '52', 105);
INSERT INTO `employee` VALUES (1149, '邢军', '460103197010224000', 'xingjun@dameng.com', '15212366714', '2009-05-13', 9745, '52', 105);
INSERT INTO `employee` VALUES (1150, '王欣', '620105199309239000', 'wangxin@dameng.com', '13212364440', '2012-04-24', 9755, '52', 105);
INSERT INTO `employee` VALUES (1151, '孙慧丽', '310103196904218000', 'sunhuili@dameng.com', '13512366190', '2008-03-05', 9765, '52', 105);
INSERT INTO `employee` VALUES (1152, '马刚红', '110106197203269000', 'maganghong@dameng.com', '18812353525', '2013-04-16', 9776, '52', 105);
INSERT INTO `employee` VALUES (1153, '陶健', '430101197606309000', 'taojian@dameng.com', '15712353522', '2009-03-27', 9787, '52', 105);
INSERT INTO `employee` VALUES (1154, '张梦丹', '230105198004265000', 'zhangmengdan@dameng.com', '18912371755', '2012-02-19', 9797, '52', 105);
INSERT INTO `employee` VALUES (2001, '李慧军', '430103196703240000', 'lihuijun@dameng.com', '18712372091', '2010-05-15', 10000, '11', 201);
INSERT INTO `employee` VALUES (2002, '常鹏程', '11010719780703500X', 'changpengcheng@dameng.com', '18912366321', '2011-08-06', 5000, '21', 202);
INSERT INTO `employee` VALUES (2004, '谢俊人', '450103197212156000', 'xiejunren@dameng.com', '14712377545', '2014-03-02', 5000, '41', 204);
INSERT INTO `employee` VALUES (2100, '毛海平', '500105198301275000', 'maohaiping@dameng.com', '18512375342', '2009-03-19', 8808, '12', 201);
INSERT INTO `employee` VALUES (2101, '罗芬燕', '540101196709166000', 'luofenyan@dameng.com', '18312362867', '2013-02-14', 8819, '12', 201);
INSERT INTO `employee` VALUES (2102, '吴世增', '130106198308023000', 'wushizeng@dameng.com', '18712366439', '2010-02-25', 8830, '12', 201);
INSERT INTO `employee` VALUES (2103, '符优婷', '640104197602194000', 'geyouting@dameng.com', '18512377951', '2008-03-24', 8842, '12', 201);
INSERT INTO `employee` VALUES (2104, '张先学', '330101199009292000', 'zhangxianxue@dameng.com', '18112372867', '2012-03-05', 3853, '22', 202);
INSERT INTO `employee` VALUES (2105, '宋玉洁', '45010219740524768X', 'songyujie@dameng.com', '15312362863', '2008-02-04', 3863, '22', 202);
INSERT INTO `employee` VALUES (2106, '高从荣', '210104197510124000', 'gaocongrong@dameng.com', '13912353892', '2014-11-06', 3882, '22', 202);
INSERT INTO `employee` VALUES (2107, '方哲', '32010719930902391X', 'fangzhe@dameng.com', '13112355307', '2010-10-17', 3893, '22', 202);
INSERT INTO `employee` VALUES (2108, '郭向丹', '310103197809137000', 'guoxiangdan@dameng.com', '13612357844', '2008-11-28', 3904, '42', 204);
INSERT INTO `employee` VALUES (2109, '黄元龙', '220106197701274000', 'huangyuanlong@dameng.com', '14512372054', '2012-11-10', 3915, '42', 204);
INSERT INTO `employee` VALUES (2110, '吴文忠', '540106198904241000', 'wuwenzhong@dameng.com', '18112347794', '2008-11-21', 3926, '42', 204);
INSERT INTO `employee` VALUES (2111, '吴慧奇', '23010719660727106X', 'wuhuiqi@dameng.com', '13312357416', '2012-11-03', 3937, '42', 204);
INSERT INTO `employee` VALUES (2112, '李川', '460104197803178000', 'lichuan@dameng.com', '13012373147', '2009-10-14', 3948, '42', 204);
INSERT INTO `employee` VALUES (2113, '吉政', '45010719760820231X', 'jizheng@dameng.com', '15712361950', '2012-10-24', 3958, '42', 204);
INSERT INTO `employee` VALUES (2114, '周尚玲', '440104198411094000', 'zhoushangling@dameng.com', '13212363599', '2010-10-07', 3970, '42', 204);
INSERT INTO `employee` VALUES (2115, '刘雪萌', '510103197510070000', 'liuxuemeng@dameng.com', '15112362130', '2013-10-17', 3980, '42', 204);
INSERT INTO `employee` VALUES (2116, '汪文金', '370103197404033000', 'wangwenjin@dameng.com', '15812361294', '2010-10-28', 3991, '42', 204);
INSERT INTO `employee` VALUES (2117, '郭东平', '310106196611032000', 'guodongping@dameng.com', '13012360593', '2014-09-09', 4002, '42', 204);
INSERT INTO `employee` VALUES (2118, '单统锋', '430102198909166000', 'dantongfeng@dameng.com', '13812359350', '2010-08-20', 4012, '42', 204);
INSERT INTO `employee` VALUES (2119, '杨雪强', '360104197904072000', 'yangxueqiang@dameng.com', '13712360307', '2014-08-01', 4022, '42', 204);
INSERT INTO `employee` VALUES (2120, '石淑玉', '330106197104247000', 'shishuyu@dameng.com', '18812376602', '2010-07-11', 4033, '42', 204);
INSERT INTO `employee` VALUES (2121, '许越峰', '31010719901201296X', 'xuyuefeng@dameng.com', '13512359353', '2013-06-22', 4043, '42', 204);
INSERT INTO `employee` VALUES (2122, '王莉娜', '640103198507307000', 'wanglina@dameng.com', '18412369936', '2011-07-04', 4054, '42', 204);
INSERT INTO `employee` VALUES (2123, '王虎', '340101196812242000', 'wanghu@dameng.com', '15612363569', '2014-06-14', 4064, '42', 204);
INSERT INTO `employee` VALUES (2124, '于建芬', '360105197401200000', 'yujianfen@dameng.com', '15612356664', '2010-05-25', 4075, '42', 204);
INSERT INTO `employee` VALUES (2125, '杨小良', '540102198906134000', 'yangxiaoliang@dameng.com', '13512365578', '2013-04-06', 4085, '42', 204);
INSERT INTO `employee` VALUES (2126, '林生存', '210105197706177000', 'linshengcun@dameng.com', '14512368899', '2009-04-16', 4095, '42', 204);
INSERT INTO `employee` VALUES (3001, '苏国华', '52010519731102591X', 'suguohua@dameng.com', '15612350864', '2010-10-26', 30000, '11', 301);
INSERT INTO `employee` VALUES (3002, '强洁芳', '370107197308092000', 'qiangjiefang@dameng.com', '18112349195', '2011-07-16', 10000, '21', 302);
INSERT INTO `employee` VALUES (3003, '杨亮亮', '320106198305129000', 'yangliangliang@dameng.com', '15212367432', '2010-03-17', 18000, '31', 303);
INSERT INTO `employee` VALUES (3004, '唐华章', '540104196701267000', 'tanghuazhang@dameng.com', '13112372401', '2014-01-10', 12000, '41', 304);
INSERT INTO `employee` VALUES (3005, '周峰', '34010719700912035X', 'zhoufeng@dameng.com', '18312348869', '2012-04-19', 11500, '51', 305);
INSERT INTO `employee` VALUES (3006, '姜力宏', '320104197206129000', 'jianglihong@dameng.com', '15112376314', '2011-08-09', 12000, '61', 306);
INSERT INTO `employee` VALUES (3100, '胡成峰', '350101198411277000', 'huchengfeng@dameng.com', '13612372766', '2013-03-26', 9106, '12', 301);
INSERT INTO `employee` VALUES (3101, '曹爱贤', '32010519850121433X', 'caoaixian@dameng.com', '15712360749', '2009-02-14', 9116, '12', 301);
INSERT INTO `employee` VALUES (3102, '丁棠', '230106197912121000', 'dingtang@dameng.com', '13512349274', '2012-01-18', 9126, '12', 301);
INSERT INTO `employee` VALUES (3103, '杨森林', '220103198903196000', 'yangsenlin@dameng.com', '15212359279', '2014-06-04', 9141, '12', 301);
INSERT INTO `employee` VALUES (3104, '张强升', '420101199003257000', 'zhangqiangsheng@dameng.com', '18912368010', '2009-04-13', 9151, '12', 301);
INSERT INTO `employee` VALUES (3105, '由书勤', '540105198111151000', 'youshuqin@dameng.com', '18812359020', '2012-03-24', 9161, '12', 301);
INSERT INTO `employee` VALUES (3106, '王文彬', '350107198402251000', 'wangwenbin@dameng.com', '18012366235', '2008-02-14', 9171, '12', 301);
INSERT INTO `employee` VALUES (3107, '江伟标', '360105197406280000', 'jiangweibiao@dameng.com', '18912369800', '2011-01-15', 9181, '12', 301);
INSERT INTO `employee` VALUES (3108, '胡钰', '360101197505185000', 'huyu@dameng.com', '18312378015', '2008-01-25', 9191, '12', 301);
INSERT INTO `employee` VALUES (3109, '朱灵萍', '530103198607104000', 'zhulingping@dameng.com', '18712353637', '2011-11-07', 4202, '22', 302);
INSERT INTO `employee` VALUES (3110, '叶新颜', '150106198002228000', 'yexinyan@dameng.com', '18112370312', '2014-11-17', 4212, '22', 302);
INSERT INTO `employee` VALUES (3111, '黄芸', '220104198112283000', 'huangyun@dameng.com', '15212368341', '2010-10-27', 4222, '22', 302);
INSERT INTO `employee` VALUES (3112, '孙萍', '430104198605121000', 'sunping@dameng.com', '13112353567', '2014-09-08', 4232, '22', 302);
INSERT INTO `employee` VALUES (3113, '高玉芳', '510105197308185000', 'gaoyufang@dameng.com', '15712363702', '2010-09-19', 4243, '22', 302);
INSERT INTO `employee` VALUES (3114, '张礼榕', '340104198712126000', 'zhanglirong@dameng.com', '15212365116', '2009-10-14', 4354, '22', 302);
INSERT INTO `employee` VALUES (3115, '王新春', '140103197511116000', 'wangxinchun@dameng.com', '15012364792', '2014-10-26', 4366, '22', 302);
INSERT INTO `employee` VALUES (3116, '沈占果', '35010719660317469X', 'shenzhanguo@dameng.com', '18212362551', '2010-09-07', 4376, '22', 302);
INSERT INTO `employee` VALUES (3117, '王雅如', '110107198405149000', 'wangyaru@dameng.com', '15612377730', '2013-08-16', 4386, '22', 302);
INSERT INTO `employee` VALUES (3118, '刘亦鹏', '41010219751115624X', 'liuyipeng@dameng.com', '18712363342', '2010-08-27', 16397, '32', 303);
INSERT INTO `employee` VALUES (3119, '袁勇', '150104196809042000', 'yuanyong@dameng.com', '18112347017', '2012-07-08', 16406, '32', 303);
INSERT INTO `employee` VALUES (3120, '余欢男', '450104199307181000', 'yuhuannan@dameng.com', '18612352767', '2008-05-18', 16416, '32', 303);
INSERT INTO `employee` VALUES (3121, '骆惠明', '230102197206176000', 'luohuiming@dameng.com', '13012368984', '2011-05-28', 16426, '32', 303);
INSERT INTO `employee` VALUES (3122, '韩欢', '450104199110098000', 'hanhuan@dameng.com', '14512351176', '2014-04-09', 16436, '32', 303);
INSERT INTO `employee` VALUES (3123, '楼伦虎', '330102198003172000', 'loulunhu@dameng.com', '13812371988', '2010-02-19', 16446, '32', 303);
INSERT INTO `employee` VALUES (3124, '赵宏亮', '450107198305307000', 'zhaohongliang@dameng.com', '18312361500', '2013-02-03', 16456, '32', 303);
INSERT INTO `employee` VALUES (3125, '许毓广', '530106197503242000', 'xushuguang@dameng.com', '15312360533', '2009-11-09', 16466, '32', 303);
INSERT INTO `employee` VALUES (3126, '徐宇珊', '620104198012054000', 'xuyushan@dameng.com', '15812369837', '2012-10-19', 16475, '32', 303);
INSERT INTO `employee` VALUES (3127, '袁正宇', '340103196801250000', 'yuanzhengyu@dameng.com', '15112366876', '2008-09-29', 16485, '32', 303);
INSERT INTO `employee` VALUES (3128, '汤人则', '610102197312149000', 'tangrenze@dameng.com', '15612350191', '2012-06-19', 16504, '32', 303);
INSERT INTO `employee` VALUES (3129, '彭芸', '530103198210299000', 'pengyun@dameng.com', '15812359304', '2008-04-29', 16514, '32', 303);
INSERT INTO `employee` VALUES (3130, '肖力群', '530103197507203000', 'xiaoliqun@dameng.com', '15612362946', '2011-03-09', 16523, '32', 303);
INSERT INTO `employee` VALUES (3131, '范永安', '430102206303302000', 'fanyongan@dameng.com', '18912373784', '2014-02-26', 16533, '32', 303);
INSERT INTO `employee` VALUES (3132, '胡芬芬', '61010119780525070X', 'hufenfen@dameng.com', '18912354006', '2010-01-01', 16544, '32', 303);
INSERT INTO `employee` VALUES (3133, '薛洋', '340101196901306000', 'xueyang@dameng.com', '18912355503', '2013-11-10', 16554, '32', 303);
INSERT INTO `employee` VALUES (3134, '陈海浩', '420103199204148000', 'chenhaihao@dameng.com', '14512358959', '2009-11-21', 16564, '32', 303);
INSERT INTO `employee` VALUES (3135, '邹秀勇', '210102197802224000', 'zouxiuyong@dameng.com', '13112358435', '2013-10-02', 16574, '32', 303);
INSERT INTO `employee` VALUES (3136, '沈变变', '61010719851124127X', 'shenbianbian@dameng.com', '18512377873', '2008-08-12', 16584, '32', 303);
INSERT INTO `employee` VALUES (3137, '沈光辉', '650104199007239000', 'shenguanghui@dameng.com', '13912373317', '2011-08-22', 16594, '32', 303);
INSERT INTO `employee` VALUES (3138, '陈兵', '630103199311154000', 'chenbing@dameng.com', '18912363542', '2014-07-03', 16604, '32', 303);
INSERT INTO `employee` VALUES (3139, '张千桐', '110105199004298000', 'zhangqiantong@dameng.com', '15712357025', '2010-05-12', 16614, '32', 303);
INSERT INTO `employee` VALUES (3140, '史文贤', '460106196806092000', 'shiwenxian@dameng.com', '18812349300', '2013-04-22', 16624, '32', 303);
INSERT INTO `employee` VALUES (3141, '李潭', '440105198907144000', 'litan@dameng.com', '15212362976', '2009-03-03', 16633, '32', 303);
INSERT INTO `employee` VALUES (3142, '黄美丽', '540104198707179000', 'huangmeili@dameng.com', '18312368257', '2012-02-01', 16643, '32', 303);
INSERT INTO `employee` VALUES (3143, '张立军', '330107197512026000', 'zhanglijun@dameng.com', '13812353548', '2014-01-23', 16653, '32', 303);
INSERT INTO `employee` VALUES (3144, '高春阳', '370105197502231000', 'gaochunyang@dameng.com', '18312346922', '2010-10-04', 16663, '32', 303);
INSERT INTO `employee` VALUES (3145, '夏方清', '410101198506092000', 'xiafangqing@dameng.com', '18912345807', '2013-09-13', 16672, '32', 303);
INSERT INTO `employee` VALUES (3146, '吕雷', '620105198104283000', 'lvlei@dameng.com', '15812356107', '2009-08-23', 16682, '32', 303);
INSERT INTO `employee` VALUES (3147, '舒樱君', '210103198510128000', 'shuyingjun@dameng.com', '18612370804', '2012-07-05', 4693, '42', 304);
INSERT INTO `employee` VALUES (3148, '涂国栋', '12010219931026659X', 'tuguodong@dameng.com', '15012369965', '2008-07-15', 4703, '42', 304);
INSERT INTO `employee` VALUES (3149, '肖致洪', '370107198502011000', 'xiaozhihong@dameng.com', '15612375765', '2011-06-25', 4713, '42', 304);
INSERT INTO `employee` VALUES (3150, '李嘉琦', '420101197909077000', 'lijiaqi@dameng.com', '14512358813', '2008-05-07', 4723, '42', 304);
INSERT INTO `employee` VALUES (3151, '阮敬泽', '420101197410287000', 'ruanjingze@dameng.com', '15812353344', '2011-04-16', 4734, '42', 304);
INSERT INTO `employee` VALUES (3152, '冯立君', '140102199302302000', 'fenglijun@dameng.com', '15212353848', '2014-11-05', 4751, '42', 304);
INSERT INTO `employee` VALUES (3153, '俞伟', '440104198904024000', 'yuwei@dameng.com', '13312349187', '2010-10-15', 4761, '42', 304);
INSERT INTO `employee` VALUES (3154, '王丽平', '350103198204126000', 'wangliping@dameng.com', '13012348178', '2014-09-26', 4772, '42', 304);
INSERT INTO `employee` VALUES (3155, '朱剑', '330107199309121000', 'zhujian@dameng.com', '18112362123', '2010-08-07', 4782, '42', 304);
INSERT INTO `employee` VALUES (3156, '李俭', '150104197705283000', 'lijian@dameng.com', '18812346199', '2014-08-17', 4792, '42', 304);
INSERT INTO `employee` VALUES (3157, '黄佳莹', '150102197710198000', 'huangjiaying@dameng.com', '13912362190', '2010-07-28', 4803, '42', 304);
INSERT INTO `employee` VALUES (3158, '余丹丹', '340102199011291000', 'yudandan@dameng.com', '18312360670', '2013-06-09', 4813, '42', 304);
INSERT INTO `employee` VALUES (3159, '黄琳祯', '650102197306299000', 'huanglinzhen@dameng.com', '15212371540', '2009-05-18', 4823, '42', 304);
INSERT INTO `employee` VALUES (3160, '苏德璋', '330104198804227000', 'sudezhang@dameng.com', '13112362625', '2012-04-28', 4832, '42', 304);
INSERT INTO `employee` VALUES (3161, '尹春平', '460103199105300000', 'yinchunping@dameng.com', '18512353271', '2008-03-09', 4842, '42', 304);
INSERT INTO `employee` VALUES (3162, '吴凤娣', '140102196809066000', 'wufengdi@dameng.com', '13312372125', '2010-01-19', 4852, '42', 304);
INSERT INTO `employee` VALUES (3163, '张传英', '140101197809097000', 'zhangchuanying@dameng.com', '15512349033', '2013-11-29', 4862, '42', 304);
INSERT INTO `employee` VALUES (3164, '洪骏', '610104198007048000', 'hongjun@dameng.com', '13812378414', '2010-11-10', 4873, '42', 304);
INSERT INTO `employee` VALUES (3165, '姜延美', '370101197112050000', 'jiangyanmei@dameng.com', '15012370962', '2013-11-21', 4883, '42', 304);
INSERT INTO `employee` VALUES (3166, '吴秀静', '140102199305199000', 'wuxiujing@dameng.com', '13612354552', '2010-11-03', 10894, '52', 305);
INSERT INTO `employee` VALUES (3167, '钱腾', '440105198104185000', 'qianteng@dameng.com', '13212353189', '2014-10-13', 10904, '52', 305);
INSERT INTO `employee` VALUES (3168, '尚立志', '420103198908303000', 'shanglizhi@dameng.com', '15512357979', '2010-09-23', 10915, '52', 305);
INSERT INTO `employee` VALUES (3169, '刘燕慧', '420105196912167000', 'liuyanhui@dameng.com', '14712373739', '2013-08-04', 10924, '52', 305);
INSERT INTO `employee` VALUES (3170, '金运文', '410102196806166000', 'jinyunwen@dameng.com', '15312348351', '2008-07-14', 10934, '52', 305);
INSERT INTO `employee` VALUES (3171, '倪智军', '650101197508048000', 'nizhijun@dameng.com', '18812369182', '2011-06-24', 10944, '52', 305);
INSERT INTO `employee` VALUES (3172, '张日云', '130106198811036000', 'zhangriyun@dameng.com', '13212374378', '2008-05-05', 10954, '52', 305);
INSERT INTO `employee` VALUES (3173, '张赵丽', '220104199311101000', 'zhangzhaoli@dameng.com', '15712346558', '2010-03-15', 10964, '52', 305);
INSERT INTO `employee` VALUES (3174, '王晓慧', '460102198908165000', 'wangxiaohui@dameng.com', '15812353030', '2014-03-25', 10974, '52', 305);
INSERT INTO `employee` VALUES (3175, '张静怡', '640101197307170000', 'zhangjingyi@dameng.com', '13012373893', '2010-02-18', 10984, '52', 305);
INSERT INTO `employee` VALUES (3176, '张浩', '530103198811036000', 'zhanghao@dameng.com', '13212354112', '2011-06-21', 10999, '52', 305);
INSERT INTO `employee` VALUES (3177, '李燕鸿', '340107196609110000', 'liyanhong@dameng.com', '18512359901', '2014-05-02', 11009, '52', 305);
INSERT INTO `employee` VALUES (3178, '胡承睿', '230104197410161000', 'huchengrui@dameng.com', '15312365221', '2009-04-12', 11019, '52', 305);
INSERT INTO `employee` VALUES (3179, '苏世昌', '630105198503234000', 'sushichang@dameng.com', '18512352308', '2008-08-28', 11122, '52', 305);
INSERT INTO `employee` VALUES (3180, '徐超', '230101197402077000', 'xuchao@dameng.com', '18812346437', '2011-08-10', 11133, '52', 305);
INSERT INTO `employee` VALUES (3181, '张珍', '310101197109083000', 'zhangzhen@dameng.com', '18512372857', '2014-06-19', 11143, '52', 305);
INSERT INTO `employee` VALUES (3182, '许国旗', '630103198209237000', 'xuguoqi@dameng.com', '18612372139', '2010-05-29', 11152, '52', 305);
INSERT INTO `employee` VALUES (3183, '张先林', '53010419720626632X', 'zhangxianlin@dameng.com', '18212362160', '2012-03-10', 11162, '52', 305);
INSERT INTO `employee` VALUES (3184, '赵付杰', '150101198105032000', 'zhaofujie@dameng.com', '13812366481', '2008-02-17', 11172, '52', 305);
INSERT INTO `employee` VALUES (3185, '周玉敏', '520102198409183000', 'zhouyumin@dameng.com', '15312374840', '2012-02-27', 9182, '62', 306);
INSERT INTO `employee` VALUES (3186, '邵晶珍', '410105198010141000', 'shaojingzhen@dameng.com', '18312356816', '2014-01-11', 9192, '62', 306);
INSERT INTO `employee` VALUES (3187, '孙朝进', '130104197206218000', 'sunchaojin@dameng.com', '18012373270', '2010-10-21', 9202, '62', 306);
INSERT INTO `employee` VALUES (3188, '黄文涛', '310105197109260000', 'huangwentao@dameng.com', '13712358374', '2013-09-02', 9212, '62', 306);
INSERT INTO `employee` VALUES (3189, '唐永平', '50010719740527465X', 'tangyongping@dameng.com', '14512354198', '2009-08-11', 9222, '62', 306);
INSERT INTO `employee` VALUES (3190, '方梨', '150105199008207000', 'fangli@dameng.com', '15112348938', '2012-07-21', 9231, '62', 306);
INSERT INTO `employee` VALUES (3191, '章辉忠', '130105199103146000', 'zhanghuizhong@dameng.com', '15712368183', '2008-06-02', 9241, '62', 306);
INSERT INTO `employee` VALUES (3192, '陈恺', '460103197102224000', 'chenkai@dameng.com', '15612366011', '2012-06-14', 9253, '62', 306);
INSERT INTO `employee` VALUES (3193, '任延廷', '440101198409094000', 'renyanting@dameng.com', '15012356661', '2009-06-24', 9264, '62', 306);
INSERT INTO `employee` VALUES (3194, '冯奎奎', '420103199205211000', 'fengkuikui@dameng.com', '15012352316', '2012-06-06', 9274, '62', 306);
INSERT INTO `employee` VALUES (3195, '何书童', '230105198002187000', 'heshutong@dameng.com', '18512351031', '2008-04-15', 9284, '62', 306);
INSERT INTO `employee` VALUES (3196, '练国松', '370104198601115000', 'lianguosong@dameng.com', '15612361294', '2011-04-26', 9294, '62', 306);
INSERT INTO `employee` VALUES (3197, '李岚', '130107196801180000', 'lilan@dameng.com', '18012365254', '2014-02-14', 9304, '62', 306);
INSERT INTO `employee` VALUES (3198, '刘锡平', '440104198506093000', 'liuxiping@dameng.com', '13012358167', '2010-01-17', 9314, '62', 306);
INSERT INTO `employee` VALUES (3199, '高宇', '440106197307135000', 'gaoyu@dameng.com', '18212368735', '2013-11-26', 9324, '62', 306);
INSERT INTO `employee` VALUES (3200, '冉胜睿', '150101197408062000', 'ranshengrui@dameng.com', '15012365747', '2009-10-07', 9334, '62', 306);
INSERT INTO `employee` VALUES (3201, '谢彩虹', '21010419850811521X', 'xiecaihong@dameng.com', '18912357747', '2013-06-26', 9352, '62', 306);
INSERT INTO `employee` VALUES (3202, '韩韶', '620105198209144000', 'hanshao@dameng.com', '18412363153', '2009-05-06', 9362, '62', 306);
INSERT INTO `employee` VALUES (3203, '王丽卿', '640102197302014000', 'wangliqing@dameng.com', '13612376403', '2012-04-16', 9371, '62', 306);
INSERT INTO `employee` VALUES (3204, '陈才慧', '450106198310096000', 'chencaihui@dameng.com', '13212365259', '2008-11-01', 5907, '42', 504);
INSERT INTO `employee` VALUES (3205, '陈波涛', '630102197510187000', 'chenbotao@dameng.com', '18612354726', '2011-10-10', 5917, '42', 504);
INSERT INTO `employee` VALUES (3206, '李华彩萍', '500107198202194000', 'lihuacaiping@dameng.com', '18812353510', '2014-10-21', 5927, '42', 504);
INSERT INTO `employee` VALUES (3207, '南晓青', '640101198601265000', 'nanxiaoqing@dameng.com', '13712354840', '2011-09-02', 5938, '42', 504);
INSERT INTO `employee` VALUES (3208, '刘莉莉', '450102198507207000', 'liulili@dameng.com', '18712374469', '2014-08-12', 5947, '42', 504);
INSERT INTO `employee` VALUES (3209, '朱丽英', '370104199305153000', 'zhuliying@dameng.com', '15012365912', '2010-07-22', 5957, '42', 504);
INSERT INTO `employee` VALUES (3210, '饶海平', '530102197309182000', 'raohaiping@dameng.com', '15012347336', '2013-06-03', 5968, '42', 504);
INSERT INTO `employee` VALUES (3211, '帅鹏程', '320105197602109000', 'shuaipengcheng@dameng.com', '13512367767', '2009-05-13', 5977, '42', 504);
INSERT INTO `employee` VALUES (3212, '奚文艳', '230101198408040000', 'xiwenyan@dameng.com', '18812374446', '2013-05-25', 5989, '42', 504);
INSERT INTO `employee` VALUES (3213, '张君洪', '340105199108149000', 'zhangjunhong@dameng.com', '13912347901', '2009-04-05', 5998, '42', 504);
INSERT INTO `employee` VALUES (3214, '王灵灵', '520101198005289000', 'wanglingling@dameng.com', '14712359451', '2011-03-15', 3008, '42', 504);
INSERT INTO `employee` VALUES (3215, '高迁娜', '210106198205106000', 'gaoqianna@dameng.com', '13912366873', '2008-03-26', 3019, '42', 504);
INSERT INTO `employee` VALUES (3216, '李利斌', '360104197303115000', 'lilibin@dameng.com', '13712359004', '2011-02-10', 3029, '42', 504);
INSERT INTO `employee` VALUES (3217, '杨璐颖', '640106198511137000', 'yangluying@dameng.com', '13312351727', '2014-01-17', 3039, '42', 504);
INSERT INTO `employee` VALUES (3218, '李贝尔', '440101198001292000', 'libeier@dameng.com', '13712374051', '2011-11-27', 3049, '42', 504);
INSERT INTO `employee` VALUES (3219, '沈柳清', '51010519810909296X', 'shenliuqing@dameng.com', '13912363944', '2014-10-08', 3059, '42', 504);
INSERT INTO `employee` VALUES (3220, '王志国', '310103198412244000', 'wangzhiguo@dameng.com', '13312364241', '2009-09-18', 3069, '42', 504);
INSERT INTO `employee` VALUES (3221, '唐尚飞', '130104197002259000', 'tangshangfei@dameng.com', '15912368323', '2012-08-28', 3079, '42', 504);
INSERT INTO `employee` VALUES (3222, '汤金龙', '540107198702069000', 'tangjinlong@dameng.com', '18912361170', '2008-06-09', 3089, '42', 504);
INSERT INTO `employee` VALUES (4001, '段建兵', '320106196608070000', 'duanjianbing@dameng.com', '13312366416', '2010-05-15', 10000, '11', 401);
INSERT INTO `employee` VALUES (4002, '张晓中', '23010419760510479X', 'zhangxiaozhong@dameng.com', '13912357686', '2012-07-12', 6000, '21', 402);
INSERT INTO `employee` VALUES (4004, '谭修政', '330105198004175000', 'tanxiuzheng@dameng.com', '18212373294', '2013-10-15', 7000, '41', 404);
INSERT INTO `employee` VALUES (4100, '张成园', '46010119740203297X', 'zhangchengyuan@dameng.com', '15512351412', '2009-04-27', 10382, '12', 401);
INSERT INTO `employee` VALUES (4101, '陆学娇', '350102198601123000', 'luxuejiao@dameng.com', '18512371934', '2012-03-08', 10392, '12', 401);
INSERT INTO `employee` VALUES (4102, '林富军', '430107197802037000', 'linfujun@dameng.com', '15912377307', '2014-02-04', 10402, '12', 401);
INSERT INTO `employee` VALUES (4103, '谭壁君', '500106198906286000', 'tanbijun@dameng.com', '13912358961', '2010-11-27', 10412, '12', 401);
INSERT INTO `employee` VALUES (4104, '李勇', '650105197904253000', 'liyong@dameng.com', '18812366800', '2013-11-09', 2922, '22', 402);
INSERT INTO `employee` VALUES (4105, '孙燕琼', '460104198309096000', 'sunyanqiong@dameng.com', '14712361927', '2012-01-22', 2935, '22', 402);
INSERT INTO `employee` VALUES (4106, '刘蓓', '530101198203142000', 'liubei@dameng.com', '13312375153', '2009-01-03', 2945, '22', 402);
INSERT INTO `employee` VALUES (4107, '朱彩娣', '230106199303042000', 'zhucaidi@dameng.com', '13612370693', '2011-10-12', 2955, '22', 402);
INSERT INTO `employee` VALUES (4108, '郑万', '340101197408011000', 'zhengwan@dameng.com', '18112358317', '2014-10-23', 2965, '22', 402);
INSERT INTO `employee` VALUES (4109, '练泽', '340101198411069000', 'lianze@dameng.com', '13512346740', '2010-08-04', 2975, '22', 402);
INSERT INTO `employee` VALUES (4110, '费磊', '140101197003273000', 'feilei@dameng.com', '15312359977', '2013-07-13', 2985, '22', 402);
INSERT INTO `employee` VALUES (4111, '周帅', '340103198307195000', 'zhoushuai@dameng.com', '13312368300', '2009-06-24', 2995, '22', 402);
INSERT INTO `employee` VALUES (4112, '彭晓婷', '140104198704106000', 'pengxiaoting@dameng.com', '18112374985', '2012-05-04', 3005, '22', 402);
INSERT INTO `employee` VALUES (4113, '蒋荣亮', '460103199307066000', 'jiangrongliang@dameng.com', '15712350101', '2009-05-16', 5516, '42', 404);
INSERT INTO `employee` VALUES (4114, '陈东芳', '150102196904050000', 'chendongfang@dameng.com', '13612346383', '2012-04-26', 5526, '42', 404);
INSERT INTO `employee` VALUES (4115, '李国英', '420107197302136000', 'liguoying@dameng.com', '15512372209', '2008-04-07', 5536, '42', 404);
INSERT INTO `employee` VALUES (4116, '陈培', '440106198110174000', 'chenpei@dameng.com', '18212360114', '2011-03-17', 5546, '42', 404);
INSERT INTO `employee` VALUES (4117, '胡立峰', '420104199306239000', 'hulifeng@dameng.com', '13012373419', '2008-02-23', 5557, '42', 404);
INSERT INTO `employee` VALUES (4118, '潘占军', '420103197703235000', 'panzhanjun@dameng.com', '18912354987', '2011-01-08', 5566, '42', 404);
INSERT INTO `employee` VALUES (4119, '彭加生', '350107199108027000', 'pengjiasheng@dameng.com', '15712365065', '2014-11-18', 5576, '42', 404);
INSERT INTO `employee` VALUES (4120, '赖思敏', '220102199310029000', 'laisimin@dameng.com', '15512369450', '2011-11-29', 5587, '42', 404);
INSERT INTO `employee` VALUES (4121, '周建', '500101198105071000', 'zhoujian@dameng.com', '13612347140', '2013-06-17', 5604, '42', 404);
INSERT INTO `employee` VALUES (4122, '裘小能', '340103199206081000', 'qiuxiaolong@dameng.com', '13912359669', '2010-05-27', 5615, '42', 404);
INSERT INTO `employee` VALUES (4123, '李丁', '210106198611115000', 'liding@dameng.com', '13712361983', '2014-05-10', 5626, '42', 404);
INSERT INTO `employee` VALUES (4124, '章建朝', '630102198111105000', 'zhangjianchao@dameng.com', '15312369033', '2010-04-20', 5636, '42', 404);
INSERT INTO `employee` VALUES (4125, '邓志群', '520103197303230000', 'dengzhiqun@dameng.com', '13812354831', '2014-04-01', 5646, '42', 404);
INSERT INTO `employee` VALUES (4126, '吴锐', '500107196809162000', 'wurui@dameng.com', '15212356107', '2010-03-11', 5657, '42', 404);
INSERT INTO `employee` VALUES (4127, '孙友昌', '340107198301085000', 'sunyouchang@dameng.com', '13712362449', '2013-02-26', 5667, '42', 404);
INSERT INTO `employee` VALUES (4128, '沈时康', '520101197103211000', 'shenshikang@dameng.com', '18112350006', '2009-01-02', 5677, '42', 404);
INSERT INTO `employee` VALUES (4129, '郭毅波', '530104198103304000', 'guoyibo@dameng.com', '13612362643', '2013-01-13', 5687, '42', 404);
INSERT INTO `employee` VALUES (4130, '郭井祥', '340103199203182000', 'guojingxiang@dameng.com', '18812364217', '2009-11-24', 5698, '42', 404);
INSERT INTO `employee` VALUES (4131, '王玉婷', '45010219901213902X', 'wangyuting@dameng.com', '13112354820', '2012-11-05', 5708, '42', 404);
INSERT INTO `employee` VALUES (4132, '项雪琴', '650107199101022000', 'xiangxueqin@dameng.com', '13312346795', '2008-09-15', 5718, '42', 404);
INSERT INTO `employee` VALUES (4133, '范时燕', '540101197212122000', 'fanshiyan@dameng.com', '15012373906', '2012-09-25', 5728, '42', 404);
INSERT INTO `employee` VALUES (4134, '刘晓婧', '650104197505048000', 'lixiaojing@dameng.com', '18912376058', '2008-08-06', 5738, '42', 404);
INSERT INTO `employee` VALUES (4135, '吴文立', '310106197205261000', 'wuwenli@dameng.com', '15312377847', '2011-07-16', 5748, '42', 404);
INSERT INTO `employee` VALUES (4136, '陈详', '150103197209022000', 'chenxiang@dameng.com', '15212375118', '2014-06-26', 5758, '42', 404);
INSERT INTO `employee` VALUES (5001, '袁会方', '640105196607028000', 'yuanhuifang@dameng.com', '13512346609', '2011-07-11', 18000, '11', 501);
INSERT INTO `employee` VALUES (5002, '郑成功', '120102197808146000', 'zhengchenggong@dameng.com', '18212359179', '2013-05-28', 6000, '21', 502);
INSERT INTO `employee` VALUES (5004, '葛明霞', '440107198011126000', 'gemingxia@dameng.com', '15612374650', '2012-03-13', 8000, '41', 504);
INSERT INTO `employee` VALUES (5005, '张守成', '350106197501248000', 'zhangshoucheng@dameng.com', '15212349078', '2013-09-23', 9500, '51', 505);
INSERT INTO `employee` VALUES (5100, '杨明媚', '120106197602048000', 'yangmingmei@dameng.com', '18312364573', '2010-05-08', 10769, '12', 501);
INSERT INTO `employee` VALUES (5101, '肖立松', '350102197301098000', 'xiaolisong@dameng.com', '15612374753', '2013-05-18', 10779, '12', 501);
INSERT INTO `employee` VALUES (5102, '陈英妹', '450104198006092000', 'chenyingmei@dameng.com', '18112359889', '2009-03-28', 10789, '12', 501);
INSERT INTO `employee` VALUES (5103, '俞伟琴', '360105199203037000', 'yuweiqin@dameng.com', '18312359676', '2013-03-09', 10799, '12', 501);
INSERT INTO `employee` VALUES (5104, '赵兵', '120104198911060000', 'zhaobing@dameng.com', '18012355865', '2009-02-07', 3310, '22', 502);
INSERT INTO `employee` VALUES (5105, '李艳强', '350106198703257000', 'liyanqiang@dameng.com', '18412360930', '2012-01-29', 3320, '22', 502);
INSERT INTO `employee` VALUES (5106, '杨黎宾', '430104198509271000', 'yanglibin@dameng.com', '15912377238', '2008-11-10', 3330, '22', 502);
INSERT INTO `employee` VALUES (5107, '牛祎文', '150107196906106000', 'niudaiwen@dameng.com', '15812360579', '2011-10-20', 3340, '22', 502);
INSERT INTO `employee` VALUES (5108, '徐雪花', '50010419740304195X', 'xuxuehua@dameng.com', '15612360589', '2013-05-08', 3356, '22', 502);
INSERT INTO `employee` VALUES (5109, '包传抚', '620107199211248000', 'baochuanfu@dameng.com', '18712372600', '2009-04-18', 3366, '22', 502);
INSERT INTO `employee` VALUES (5110, '徐智猛', '460102197111127000', 'xuzhimeng@dameng.com', '18812354460', '2013-03-28', 3376, '22', 502);
INSERT INTO `employee` VALUES (5111, '沈雪', '340104198607289000', 'shenxue@dameng.com', '13212355148', '2009-02-02', 3386, '22', 502);
INSERT INTO `employee` VALUES (5112, '王鸣鹤', '140102199211043000', 'wangminghe@dameng.com', '18212348506', '2012-01-19', 3396, '22', 502);
INSERT INTO `employee` VALUES (5113, '牛庆积', '630104198308074000', 'niuqingji@dameng.com', '13612355075', '2011-06-19', 4099, '52', 505);
INSERT INTO `employee` VALUES (5114, '马谱军', '430103198808093000', 'mapujun@dameng.com', '15312377740', '2009-11-22', 4160, '52', 505);
INSERT INTO `employee` VALUES (5115, '黄圣杰', '630104198512051000', 'huangshengjie@dameng.com', '15812373320', '2012-11-03', 4170, '52', 505);
INSERT INTO `employee` VALUES (5116, '孙安旺', '63010619870410552X', 'sunanwang@dameng.com', '15212364894', '2009-10-13', 4180, '52', 505);
INSERT INTO `employee` VALUES (5117, '季云', '110104199210230000', 'jiyun@dameng.com', '13312356318', '2012-09-24', 4191, '52', 505);
INSERT INTO `employee` VALUES (5118, '陆文霞', '650102198109288000', 'luwenxia@dameng.com', '15112374274', '2008-08-04', 4201, '52', 505);
INSERT INTO `employee` VALUES (5119, '徐云飞', '640106198607119000', 'xuyunfei@dameng.com', '18912357402', '2011-07-14', 4210, '52', 505);
INSERT INTO `employee` VALUES (5120, '邹东芝', '52010419860125441X', 'zoudongzhi@dameng.com', '18712369618', '2014-06-25', 4221, '52', 505);
INSERT INTO `employee` VALUES (5121, '周虹宇', '630102197901278000', 'zhouhongyu@dameng.com', '15812365524', '2010-05-06', 4231, '52', 505);
INSERT INTO `employee` VALUES (5122, '金景亚', '370106198010220000', 'jinjingya@dameng.com', '15012347597', '2012-04-15', 4240, '52', 505);
INSERT INTO `employee` VALUES (5123, '全昕', '230103198709026000', 'quanxi@dameng.com', '15612368402', '2008-03-25', 4250, '52', 505);
INSERT INTO `employee` VALUES (5124, '陈金林', '310107197911121000', 'chenjinlin@dameng.com', '13712369035', '2011-02-25', 4260, '52', 505);
INSERT INTO `employee` VALUES (5125, '郭诚', '420101197010252000', 'guocheng@dameng.com', '15612371167', '2014-11-16', 4270, '52', 505);
INSERT INTO `employee` VALUES (5126, '王小仙', '120106196804268000', 'wangxiaoxian@dameng.com', '13912367306', '2010-10-25', 4280, '52', 505);
INSERT INTO `employee` VALUES (6001, '奚哲峰', '320101196806110000', 'xizhefeng@dameng.com', '18912349468', '2013-11-15', 8000, '11', 601);
INSERT INTO `employee` VALUES (6002, '商林玉', '620106197811151000', 'shanglinyu@dameng.com', '13212373983', '2014-05-09', 5000, '21', 602);
INSERT INTO `employee` VALUES (6004, '陈华飞', '650105198008212000', 'chenhuafei@dameng.com', '18212348330', '2015-03-27', 5000, '41', 604);
INSERT INTO `employee` VALUES (6100, '唐锦', '360104198311060000', 'tangjin@dameng.com', '15512366856', '2013-09-07', 11290, '12', 601);
INSERT INTO `employee` VALUES (6101, '闫宴平', '140105197809079000', 'yanyanping@dameng.com', '15712360780', '2009-08-16', 11299, '12', 601);
INSERT INTO `employee` VALUES (6102, '董艺娱', '440104197503109000', 'dongyiyu@dameng.com', '13612348904', '2012-07-26', 11310, '12', 601);
INSERT INTO `employee` VALUES (6103, '石艳', '340107198805225000', 'shiyan@dameng.com', '13512375464', '2008-06-08', 11320, '12', 601);
INSERT INTO `employee` VALUES (6104, '李交通', '330101196205248000', 'lijiaotong@dameng.com', '14712363748', '2011-05-17', 3830, '22', 602);
INSERT INTO `employee` VALUES (6105, '颜善宏', '650105196603299000', 'yanshanhong@dameng.com', '13212363245', '2014-04-28', 3840, '22', 602);
INSERT INTO `employee` VALUES (6106, '王娇妍', '630101199212291000', 'wangjiaoyan@dameng.com', '15312346615', '2010-03-09', 3850, '22', 602);
INSERT INTO `employee` VALUES (6107, '冯爽', '220101197102144000', 'fengshuang@dameng.com', '14512371444', '2013-02-16', 3859, '22', 602);
INSERT INTO `employee` VALUES (6108, '柯连英', '220101197608183000', 'kelianying@dameng.com', '13712369622', '2009-01-28', 3869, '22', 602);
INSERT INTO `employee` VALUES (6109, '甘与川', '120101199102105000', 'ganyuchuan@dameng.com', '13012365826', '2011-10-09', 3879, '22', 602);
INSERT INTO `employee` VALUES (6110, '金本玉', '340105198804057000', 'jinbenyu@dameng.com', '18012377477', '2014-09-19', 3889, '22', 602);
INSERT INTO `employee` VALUES (6111, '范春娟', '460103198502251000', 'fanchunjuan@dameng.com', '13012346314', '2008-03-05', 3904, '22', 602);
INSERT INTO `employee` VALUES (6112, '李雷阳', '430107197912107000', 'lileiyang@dameng.com', '14712348453', '2012-02-18', 3914, '22', 602);
INSERT INTO `employee` VALUES (6113, '徐炎光', '110102198411274000', 'xuyanguang@dameng.com', '18312367390', '2009-02-01', 3425, '42', 604);
INSERT INTO `employee` VALUES (6114, '黄福良', '350102198012284000', 'huangfuliang@dameng.com', '13812350309', '2012-01-07', 3435, '42', 604);
INSERT INTO `employee` VALUES (6115, '冯方庆', '220104198204051000', 'fengfangqing@dameng.com', '18412350814', '2014-11-17', 3445, '42', 604);
INSERT INTO `employee` VALUES (6116, '郑月梅', '340102198605054000', 'zhengyuemei@dameng.com', '13912349886', '2010-10-27', 3455, '42', 604);
INSERT INTO `employee` VALUES (6117, '吴建波', '32010619901010310X', 'wujianbo@dameng.com', '13212377761', '2013-09-08', 3465, '42', 604);
INSERT INTO `employee` VALUES (6118, '卢德泉', '340107196806148000', 'ludequan@dameng.com', '13612354854', '2009-07-18', 3475, '42', 604);
INSERT INTO `employee` VALUES (6119, '常岳昌', '650101197212252000', 'changyuechang@dameng.com', '18412368565', '2012-06-28', 3485, '42', 604);
INSERT INTO `employee` VALUES (6120, '刘洪峰', '460104197506218000', 'liuhongfeng@dameng.com', '13512365582', '2008-05-09', 3495, '42', 604);
INSERT INTO `employee` VALUES (6121, '徐克', '230101199312049000', 'xuke@dameng.com', '15512377338', '2011-04-19', 3505, '42', 604);
INSERT INTO `employee` VALUES (6122, '翟金晓', '450107197212295000', 'dijinxiao@dameng.com', '15612360322', '2014-03-29', 3515, '42', 604);
INSERT INTO `employee` VALUES (6123, '郑亚林', '460103199205083000', 'zhengyalin@dameng.com', '15012347044', '2010-03-10', 3525, '42', 604);
INSERT INTO `employee` VALUES (6124, '金蕾', '540103197912193000', 'jinlei@dameng.com', '13012362756', '2014-02-03', 3535, '42', 604);
INSERT INTO `employee` VALUES (6125, '郭齐开', '110103199005261000', 'guoqikai@dameng.com', '18112349271', '2009-01-01', 3545, '42', 604);
INSERT INTO `employee` VALUES (6126, '韩伦宏', '54010219920414620X', 'hanlunhong@dameng.com', '18212347276', '2012-10-11', 3555, '42', 604);
INSERT INTO `employee` VALUES (7001, '郑晓同', '320101196605213000', 'zhengxiaotong@dameng.com', '18512363946', '2006-10-26', 30000, '11', 701);
INSERT INTO `employee` VALUES (7002, '戴慧华', '230104197603112000', 'daihuihua@dameng.com', '18812362809', '2012-04-30', 6000, '21', 702);
INSERT INTO `employee` VALUES (7003, '张飞龙', '620102197602164000', 'zhangfeilong@dameng.com', '15212374280', '2010-05-30', 18000, '31', 703);
INSERT INTO `employee` VALUES (7004, '张运红', '340103196611165000', 'zhangyunhong@dameng.com', '18712371039', '2012-07-10', 10000, '41', 704);
INSERT INTO `employee` VALUES (7005, '于振忠', '650103197605018000', 'yuzhenzhong@dameng.com', '18212378111', '2011-07-10', 10000, '51', 705);
INSERT INTO `employee` VALUES (7006, '周阁麟', '140103197901243000', 'zhougelin@dameng.com', '18112375846', '2010-08-18', 9000, '61', 706);
INSERT INTO `employee` VALUES (7007, '万来钟', '32010419750121710X', 'wanlaizhong@dameng.com', '13912351472', '2011-03-09', 7000, '71', 707);
INSERT INTO `employee` VALUES (7100, '俞慧霞', '110107196605132000', 'yuhuixia@dameng.com', '13612354102', '2009-10-21', 11565, '12', 701);
INSERT INTO `employee` VALUES (7101, '姚金波', '440101198608051000', 'yaojinbo@dameng.com', '13712348936', '2012-09-02', 11575, '12', 701);
INSERT INTO `employee` VALUES (7102, '于建民', '130106198711018000', 'yujianmin@dameng.com', '13512371168', '2008-08-12', 11586, '12', 701);
INSERT INTO `employee` VALUES (7103, '陈恭平', '110104198402283000', 'chengongping@dameng.com', '18912368238', '2011-07-22', 11595, '12', 701);
INSERT INTO `employee` VALUES (7104, '程昊', '120105198604171000', 'chenghao@dameng.com', '18612349107', '2013-06-03', 11605, '12', 701);
INSERT INTO `employee` VALUES (7105, '刘达军', '360101196611114000', 'liudajun@dameng.com', '18112354677', '2009-04-13', 11615, '12', 701);
INSERT INTO `employee` VALUES (7106, '万宇', '450105197501098000', 'wanyu@dameng.com', '15712366143', '2012-04-23', 11625, '12', 701);
INSERT INTO `employee` VALUES (7107, '金芸霞', '650105199003296000', 'jinyunxia@dameng.com', '15512367782', '2009-03-04', 11636, '12', 701);
INSERT INTO `employee` VALUES (7108, '魏银强', '430102197111087000', 'weiyinqiang@dameng.com', '15812345714', '2011-02-05', 11645, '12', 701);
INSERT INTO `employee` VALUES (7109, '徐雨田', '330101198107257000', 'xuyutian@dameng.com', '15712372671', '2014-07-02', 4162, '22', 702);
INSERT INTO `employee` VALUES (7110, '魏荣萍', '150107199209284000', 'weirongping@dameng.com', '13512358061', '2010-06-11', 4172, '22', 702);
INSERT INTO `employee` VALUES (7111, '尚雯', '540103198901235000', 'shangwen@dameng.com', '15212364345', '2013-05-21', 4181, '22', 702);
INSERT INTO `employee` VALUES (7112, '蒋卫', '540102198308128000', 'jiangwei@dameng.com', '13212371606', '2009-04-02', 4191, '22', 702);
INSERT INTO `employee` VALUES (7113, '窦文超', '640102198704051000', 'douwenchao@dameng.com', '15612372012', '2011-03-12', 4201, '22', 702);
INSERT INTO `employee` VALUES (7114, '王文姣', '530101196707272000', 'wangwenjiao@dameng.com', '13512346776', '2014-01-22', 4211, '22', 702);
INSERT INTO `employee` VALUES (7115, '张松龄', '62010419830803004X', 'zhangsongling@dameng.com', '18812370668', '2010-11-02', 4221, '22', 702);
INSERT INTO `employee` VALUES (7116, '李世坚', '110102198207301000', 'lishijian@dameng.com', '18212356348', '2013-10-13', 4231, '22', 702);
INSERT INTO `employee` VALUES (7117, '梁毅勤', '650106197909130000', 'liangyiqin@dameng.com', '13012351012', '2009-09-23', 4241, '22', 702);
INSERT INTO `employee` VALUES (7118, '史丽莉', '120103198508054000', 'shilili@dameng.com', '18712362499', '2012-09-04', 18751, '32', 703);
INSERT INTO `employee` VALUES (7119, '陈仕斌', '340105197112095000', 'chenshibin@dameng.com', '15012377145', '2008-07-14', 18761, '32', 703);
INSERT INTO `employee` VALUES (7120, '周会龙', '370107197307069000', 'zhouhuilong@dameng.com', '13212365418', '2011-06-23', 18771, '32', 703);
INSERT INTO `employee` VALUES (7121, '刘芳芳', '220104196712024000', 'liufangfang@dameng.com', '15212353577', '2013-05-04', 18780, '32', 703);
INSERT INTO `employee` VALUES (7122, '吴云兰', '630103198910091000', 'wuyunlan@dameng.com', '18212357760', '2009-03-13', 18790, '32', 703);
INSERT INTO `employee` VALUES (7123, '崔萌', '320103199201279000', 'cuimeng@dameng.com', '13612366897', '2012-02-24', 18799, '32', 703);
INSERT INTO `employee` VALUES (7124, '王晓洁', '230105197504286000', 'wangxiaojie@dameng.com', '18912372231', '2014-01-04', 18809, '32', 703);
INSERT INTO `employee` VALUES (7125, '唐从义', '620104199004159000', 'tangcongyi@dameng.com', '15712355524', '2011-11-14', 18819, '32', 703);
INSERT INTO `employee` VALUES (7126, '陈成飞', '360107196903205000', 'chenchengfei@dameng.com', '18812346229', '2014-10-24', 18830, '32', 703);
INSERT INTO `employee` VALUES (7127, '耿湛', '430107197910120000', 'gengzhan@dameng.com', '15212364140', '2010-09-06', 18840, '32', 703);
INSERT INTO `employee` VALUES (7128, '王习敏', '500105198409054000', 'wangximin@dameng.com', '18712375420', '2013-08-15', 18849, '32', 703);
INSERT INTO `employee` VALUES (7129, '熊晓楠', '150104197701303000', 'xiongxiaonan@dameng.com', '13112370981', '2009-07-25', 18859, '32', 703);
INSERT INTO `employee` VALUES (7130, '虞碧军', '150103197209043000', 'yubijun@dameng.com', '15912369871', '2012-06-06', 18869, '32', 703);
INSERT INTO `employee` VALUES (7131, '欧雷', '320104197806105000', 'oulei@dameng.com', '18512352112', '2014-04-15', 18879, '32', 703);
INSERT INTO `employee` VALUES (7132, '孙雄芬', '220103198604146000', 'sunxiongfen@dameng.com', '18012349299', '2010-03-25', 18889, '32', 703);
INSERT INTO `employee` VALUES (7133, '张应启', '510101197509233000', 'zhangyingqi@dameng.com', '15512360349', '2011-07-12', 18904, '32', 703);
INSERT INTO `employee` VALUES (7134, '沈宣', '460102198911235000', 'shenxuan@dameng.com', '13712359551', '2014-06-21', 18914, '32', 703);
INSERT INTO `employee` VALUES (7135, '吴伟伟', '530103199208191000', 'wuweiwei@dameng.com', '18312356394', '2009-05-02', 18923, '32', 703);
INSERT INTO `employee` VALUES (7136, '庄秀林', '110102198807164000', 'zhuangxiulin@dameng.com', '15612353796', '2012-03-11', 18932, '32', 703);
INSERT INTO `employee` VALUES (7137, '万素芬', '330105197001196000', 'wansufen@dameng.com', '13512362237', '2014-02-05', 18942, '32', 703);
INSERT INTO `employee` VALUES (7138, '郭超群', '410106198410189000', 'guochaoqun@dameng.com', '15112356475', '2010-11-02', 18952, '32', 703);
INSERT INTO `employee` VALUES (7139, '陈金飞', '420102199211137000', 'chenjinfei@dameng.com', '13212360662', '2013-10-12', 18962, '32', 703);
INSERT INTO `employee` VALUES (7140, '朱艳琼', '34010719740928592X', 'zhuyanqiong@dameng.com', '14512362908', '2009-10-22', 18972, '32', 703);
INSERT INTO `employee` VALUES (7141, '王晓华', '510105198010122000', 'wangxiaohua@dameng.com', '13212346001', '2012-08-03', 18982, '32', 703);
INSERT INTO `employee` VALUES (7142, '陈怡君', '120101197402292000', 'chenyijun@dameng.com', '13312373896', '2008-07-12', 18992, '32', 703);
INSERT INTO `employee` VALUES (7143, '杜彦宏', '310106199208095000', 'duyanhong@dameng.com', '18312347469', '2011-06-22', 19001, '32', 703);
INSERT INTO `employee` VALUES (7144, '唐宏杰', '320103197902204000', 'tanghongjie@dameng.com', '18312359709', '2014-05-03', 19011, '32', 703);
INSERT INTO `employee` VALUES (7145, '骆森杰', '450106197705210000', 'luosenjie@dameng.com', '15812354028', '2009-03-13', 19021, '32', 703);
INSERT INTO `employee` VALUES (7146, '朱婷婷', '630103196901212000', 'zhutingting@dameng.com', '15712355813', '2012-02-12', 19030, '32', 703);
INSERT INTO `employee` VALUES (7147, '潘志宇', '46010419810118907X', 'panzhiyu@dameng.com', '13712359182', '2008-01-03', 19041, '32', 703);
INSERT INTO `employee` VALUES (7148, '罗莹', '430107198205045000', 'luoying@dameng.com', '14512376317', '2011-11-13', 19050, '32', 703);
INSERT INTO `employee` VALUES (7149, '梁学良', '320106197706288000', 'liangxueliang@dameng.com', '15812366930', '2014-10-23', 19060, '32', 703);
INSERT INTO `employee` VALUES (7150, '李旭钦', '310107198009084000', 'lixuqin@dameng.com', '14712362753', '2010-09-04', 19071, '32', 703);
INSERT INTO `employee` VALUES (7151, '鹿成东', '640104197802021000', 'luchengdong@dameng.com', '18112376510', '2013-08-14', 19081, '32', 703);
INSERT INTO `employee` VALUES (7152, '徐晓琴', '510105199308266000', 'xuxiaoqin@dameng.com', '18512355791', '2009-07-24', 19090, '32', 703);
INSERT INTO `employee` VALUES (7153, '丁晓晨', '150105197005151000', 'dingxiaochen@dameng.com', '18912367464', '2011-06-05', 19100, '32', 703);
INSERT INTO `employee` VALUES (7154, '施印阳', '340101198506013000', 'shiyinyang@dameng.com', '13912372254', '2014-04-14', 19109, '32', 703);
INSERT INTO `employee` VALUES (7155, '练佩仪', '42010619690502412X', 'lianpeiyi@dameng.com', '18512362935', '2010-03-24', 19120, '32', 703);
INSERT INTO `employee` VALUES (7156, '万冬', '21010619751201118X', 'wandong@dameng.com', '15612368927', '2012-02-03', 19129, '32', 703);
INSERT INTO `employee` VALUES (7157, '马光云', '320106198412161000', 'maguangyun@dameng.com', '15912370825', '2014-06-20', 19145, '32', 703);
INSERT INTO `employee` VALUES (7158, '陈志健', '130105196609188000', 'chenzhijian@dameng.com', '18612359298', '2010-05-02', 19155, '32', 703);
INSERT INTO `employee` VALUES (7159, '王瑶菲', '350101198912256000', 'wangyaofei@dameng.com', '13312357974', '2013-04-11', 19165, '32', 703);
INSERT INTO `employee` VALUES (7160, '李耀', '610101198301234000', 'liyao@dameng.com', '13612345732', '2009-03-22', 19175, '32', 703);
INSERT INTO `employee` VALUES (7161, '过晨光', '31010119850901356X', 'guochenguang@dameng.com', '14712378272', '2012-02-05', 19185, '32', 703);
INSERT INTO `employee` VALUES (7162, '韩林娜', '630104197601309000', 'hanlinna@dameng.com', '15912353770', '2008-01-12', 19194, '32', 703);
INSERT INTO `employee` VALUES (7163, '唐言军', '520102199312251000', 'tangyanjun@dameng.com', '18912366574', '2012-01-23', 19205, '32', 703);
INSERT INTO `employee` VALUES (7164, '胡琳芳', '330103197009180000', 'hulinfang@dameng.com', '13612374916', '2008-11-04', 19215, '32', 703);
INSERT INTO `employee` VALUES (7165, '叶碧标', '130106199311220000', 'yebibiao@dameng.com', '14512363664', '2010-10-14', 19225, '32', 703);
INSERT INTO `employee` VALUES (7166, '罗海婷', '410102197006030000', 'luohaiting@dameng.com', '13712356864', '2013-09-24', 19235, '32', 703);
INSERT INTO `employee` VALUES (7167, '周荣漳', '460105199109282000', 'zhourongzhang@dameng.com', '13312373366', '2009-08-05', 19245, '32', 703);
INSERT INTO `employee` VALUES (7168, '王兴力', '420105199107175000', 'wangxingli@dameng.com', '15712357504', '2012-07-15', 19255, '32', 703);
INSERT INTO `employee` VALUES (7169, '尤月园', '110101199204258000', 'youyueyuan@dameng.com', '18812376717', '2009-06-25', 19265, '32', 703);
INSERT INTO `employee` VALUES (7170, '冯彬彬', '120106198702058000', 'fengbinbin@dameng.com', '13712355555', '2011-04-06', 19275, '32', 703);
INSERT INTO `employee` VALUES (7171, '洪建林', '120106197005175000', 'hongjianlin@dameng.com', '15512373003', '2014-03-15', 19285, '32', 703);
INSERT INTO `employee` VALUES (7172, '胡源泉', '640104198705225000', 'huyuanquan@dameng.com', '15712375214', '2010-02-06', 19294, '32', 703);
INSERT INTO `employee` VALUES (7173, '郭宛', '440104198108172000', 'guowan@dameng.com', '13612351710', '2014-02-18', 19306, '32', 703);
INSERT INTO `employee` VALUES (7174, '夏韦亮', '150105197011081000', 'xiaweiliang@dameng.com', '18912368530', '2010-01-18', 19316, '32', 703);
INSERT INTO `employee` VALUES (7175, '刘鋆', '540103197807062000', 'liuyun@dameng.com', '18412364675', '2013-11-27', 19325, '32', 703);
INSERT INTO `employee` VALUES (7176, '何永生', '410102198407086000', 'heyongsheng@dameng.com', '18912356951', '2009-10-08', 19336, '32', 703);
INSERT INTO `employee` VALUES (7177, '巩远明', '420102197909103000', 'gongyuanming@dameng.com', '18712345864', '2012-09-18', 19346, '32', 703);
INSERT INTO `employee` VALUES (7178, '胡美萍', '130106198712012000', 'humeiping@dameng.com', '15212365711', '2008-08-28', 19355, '32', 703);
INSERT INTO `employee` VALUES (7179, '王荫泉', '320102198906195000', 'wangyinquan@dameng.com', '15812360648', '2010-07-09', 19365, '32', 703);
INSERT INTO `employee` VALUES (7180, '吴玉凤', '140106197407158000', 'wuyufeng@dameng.com', '15212348875', '2013-05-18', 19375, '32', 703);
INSERT INTO `employee` VALUES (7181, '罗晓宁', '620101197507144000', 'luoxiaoning@dameng.com', '15612359526', '2009-04-28', 19384, '32', 703);
INSERT INTO `employee` VALUES (7182, '杨斯玉', '500101198506073000', 'yangsiyu@dameng.com', '18812365257', '2010-08-15', 19400, '32', 703);
INSERT INTO `employee` VALUES (7183, '谢宁军', '640107197002191000', 'xieningjun@dameng.com', '15312370893', '2013-07-24', 19409, '32', 703);
INSERT INTO `employee` VALUES (7184, '胡亚盼', '320101198102109000', 'huyapan@dameng.com', '15812358469', '2008-06-05', 19419, '32', 703);
INSERT INTO `employee` VALUES (7185, '李巨星', '640102197506159000', 'lijuxing@dameng.com', '18412351722', '2011-04-14', 19428, '32', 703);
INSERT INTO `employee` VALUES (7186, '房干雄', '140103197101309000', 'fangganxiong@dameng.com', '13912360967', '2013-03-24', 19438, '32', 703);
INSERT INTO `employee` VALUES (7187, '周雅飞', '610106197409285000', 'zhouyafei@dameng.com', '18812350722', '2009-01-05', 19448, '32', 703);
INSERT INTO `employee` VALUES (7188, '刘玉珍', '120106197503262000', 'liuyuzhen@dameng.com', '18912368684', '2011-11-14', 19457, '32', 703);
INSERT INTO `employee` VALUES (7189, '宋琳莉', '130102198805296000', 'songlinli@dameng.com', '14512377044', '2014-10-24', 19467, '32', 703);
INSERT INTO `employee` VALUES (7190, '桂幼玲', '110107198907014000', 'guiyouling@dameng.com', '13812352195', '2010-08-05', 19477, '32', 703);
INSERT INTO `employee` VALUES (7191, '张钰蓉', '530105197409065000', 'zhangyurong@dameng.com', '18012377059', '2013-07-14', 19486, '32', 703);
INSERT INTO `employee` VALUES (7192, '孟喜梅', '650103198308121000', 'mengximei@dameng.com', '18712358834', '2009-06-24', 19496, '32', 703);
INSERT INTO `employee` VALUES (7193, '曾薇薇', '120101199108078000', 'zengweiwei@dameng.com', '18912368329', '2012-05-05', 19506, '32', 703);
INSERT INTO `employee` VALUES (7194, '尹赛珍', '44010719800607304X', 'yinsaizhen@dameng.com', '15212374341', '2014-03-15', 19516, '32', 703);
INSERT INTO `employee` VALUES (7195, '阮鑫', '650106199101078000', 'ruanxin@dameng.com', '14712372481', '2010-02-21', 19525, '32', 703);
INSERT INTO `employee` VALUES (7196, '徐佳', '13010419841128464X', 'xujia@dameng.com', '18912371640', '2012-01-05', 19535, '32', 703);
INSERT INTO `employee` VALUES (7197, '王阳福军', '44010419831204730X', 'wangyangfujun@dameng.com', '18312377702', '2008-10-14', 19545, '32', 703);
INSERT INTO `employee` VALUES (7198, '赵小碧', '370104198205012000', 'zhaoxiaobi@dameng.com', '13912346070', '2011-10-25', 19555, '32', 703);
INSERT INTO `employee` VALUES (7199, '杜连梅', '360106198806022000', 'dulianmei@dameng.com', '15212356671', '2014-08-06', 19565, '32', 703);
INSERT INTO `employee` VALUES (7200, '叶恭美', '440107198306117000', 'yegongmei@dameng.com', '13212370370', '2010-07-15', 19574, '32', 703);
INSERT INTO `employee` VALUES (7201, '黄东木', '540101198712138000', 'huangdongmu@dameng.com', '18012352695', '2012-06-25', 19584, '32', 703);
INSERT INTO `employee` VALUES (7202, '赵睿达', '64010119771211750X', 'zhaoruida@dameng.com', '18012349108', '2008-04-06', 19594, '32', 703);
INSERT INTO `employee` VALUES (7203, '涂召勤', '610106198502194000', 'tuzhaoqin@dameng.com', '13212361562', '2011-03-16', 19604, '32', 703);
INSERT INTO `employee` VALUES (7204, '丁笑非', '310103199312013000', 'dingxiaofei@dameng.com', '18812345693', '2014-02-01', 19614, '32', 703);
INSERT INTO `employee` VALUES (7205, '吴靖怡', '540101197807053000', 'wujingyi@dameng.com', '18612365563', '2009-01-06', 19623, '32', 703);
INSERT INTO `employee` VALUES (7206, '马亚华', '110107198507064000', 'mayahua@dameng.com', '13512356297', '2011-05-21', 19638, '32', 703);
INSERT INTO `employee` VALUES (7207, '赵绿静', '150103198307117000', 'zhaolvjing@dameng.com', '15712349187', '2014-04-03', 19649, '32', 703);
INSERT INTO `employee` VALUES (7208, '葛叶军', '140106198603019000', 'geyejun@dameng.com', '18012351521', '2009-03-12', 19658, '32', 703);
INSERT INTO `employee` VALUES (7209, '曾东军', '130104199005142000', 'zengdongjun@dameng.com', '13612365480', '2012-01-22', 19668, '32', 703);
INSERT INTO `employee` VALUES (7210, '符惠芳', '230101196706209000', 'fuhuifang@dameng.com', '13612349675', '2008-11-03', 19678, '32', 703);
INSERT INTO `employee` VALUES (7211, '翟蕾蕾', '500105197007243000', 'dileilei@dameng.com', '13012353367', '2011-10-13', 19688, '32', 703);
INSERT INTO `employee` VALUES (7212, '岑艺敏', '230107197507017000', 'cenyimin@dameng.com', '18912377313', '2014-09-23', 19698, '32', 703);
INSERT INTO `employee` VALUES (7213, '许娜', '210101199009223000', 'xuna@dameng.com', '13112360946', '2011-09-04', 19708, '32', 703);
INSERT INTO `employee` VALUES (7214, '陈燕妮', '31010619870416404X', 'chenyanni@dameng.com', '13712369952', '2014-08-14', 19718, '32', 703);
INSERT INTO `employee` VALUES (7215, '刘永香', '340102198506060000', 'liuyongxiang@dameng.com', '18812377455', '2010-07-24', 19728, '32', 703);
INSERT INTO `employee` VALUES (7216, '钱燕飞', '370107197304152000', 'qianyanfei@dameng.com', '18112357083', '2013-06-05', 19738, '32', 703);
INSERT INTO `employee` VALUES (7217, '高锡荣', '23010219911113758X', 'gaoxirong@dameng.com', '13012358139', '2008-04-15', 19748, '32', 703);
INSERT INTO `employee` VALUES (7218, '张晏', '340105198703162000', 'zhangyan@dameng.com', '18712355627', '2011-03-24', 19758, '32', 703);
INSERT INTO `employee` VALUES (7219, '范宝萍', '620106198210178000', 'fanbaoping@dameng.com', '18612358677', '2014-02-20', 19768, '32', 703);
INSERT INTO `employee` VALUES (7220, '杜建飞', '530103197204305000', 'dujianfei@dameng.com', '14512351713', '2009-01-15', 19777, '32', 703);
INSERT INTO `employee` VALUES (7221, '赵劭康', '35010719910622782X', 'zhaoxunkang@dameng.com', '18012349793', '2012-11-25', 19787, '32', 703);
INSERT INTO `employee` VALUES (7222, '秦振泉', '310104199302274000', 'qinzhenquan@dameng.com', '15212376590', '2009-10-06', 19797, '32', 703);
INSERT INTO `employee` VALUES (7223, '常建苗', '430104199008152000', 'changjianmiao@dameng.com', '13212363761', '2012-09-16', 19807, '32', 703);
INSERT INTO `employee` VALUES (7224, '宿峥', '320102197809237000', 'suzheng@dameng.com', '14712356132', '2014-08-26', 19817, '32', 703);
INSERT INTO `employee` VALUES (7225, '谢文龙', '140106198604104000', 'xiewenlong@dameng.com', '18712368569', '2010-06-06', 19827, '32', 703);
INSERT INTO `employee` VALUES (7226, '谢丽', '410102197102100000', 'xieli@dameng.com', '15012366624', '2012-05-16', 19836, '32', 703);
INSERT INTO `employee` VALUES (7227, '苏露露', '650102196705263000', 'sululu@dameng.com', '14512359636', '2008-04-26', 19846, '32', 703);
INSERT INTO `employee` VALUES (7228, '刘元昊', '340104197904213000', 'liuyuanhao@dameng.com', '15912362702', '2011-02-01', 19856, '32', 703);
INSERT INTO `employee` VALUES (7229, '孙忠武', '640105198910115000', 'sunzhongwu@dameng.com', '13212368628', '2014-02-11', 19866, '32', 703);
INSERT INTO `employee` VALUES (7230, '秦月珍', '350105196912202000', 'qinyuezhen@dameng.com', '15312358318', '2010-01-27', 19876, '32', 703);
INSERT INTO `employee` VALUES (7231, '岳利娇', '110102197711306000', 'yuelijiao@dameng.com', '15912370883', '2012-05-13', 19892, '32', 703);
INSERT INTO `employee` VALUES (7232, '朱斐斐', '220103196907202000', 'zhuwenwen@dameng.com', '13912370121', '2008-04-23', 19901, '32', 703);
INSERT INTO `employee` VALUES (7233, '赵挺骁', '340101198408271000', 'zhaotingxiao@dameng.com', '18412372863', '2010-02-02', 19911, '32', 703);
INSERT INTO `employee` VALUES (7234, '徐美玲', '630105198312241000', 'xumeiling@dameng.com', '15812373171', '2013-01-14', 19921, '32', 703);
INSERT INTO `employee` VALUES (7235, '田逸俊', '460104198903175000', 'tianyijun@dameng.com', '13212360651', '2009-11-23', 19931, '32', 703);
INSERT INTO `employee` VALUES (7236, '杨秀杭', '640107196702307000', 'yangxiuhang@dameng.com', '18412360012', '2012-10-04', 19941, '32', 703);
INSERT INTO `employee` VALUES (7237, '董小芹', '500104198303091000', 'dongxiaoqin@dameng.com', '15512353480', '2008-09-14', 19950, '32', 703);
INSERT INTO `employee` VALUES (7238, '谢渝', '430105197008095000', 'xieyu@dameng.com', '13512349646', '2011-08-24', 19961, '32', 703);
INSERT INTO `employee` VALUES (7239, '于倩文', '150107198808130000', 'yuqianwen@dameng.com', '13812352082', '2014-07-05', 19970, '32', 703);
INSERT INTO `employee` VALUES (7240, '陈珂', '650105197110174000', 'chenke@dameng.com', '18512360808', '2009-05-15', 19980, '32', 703);
INSERT INTO `employee` VALUES (7241, '高念', '530103197906114000', 'gaonian@dameng.com', '15712350921', '2012-04-25', 19990, '32', 703);
INSERT INTO `employee` VALUES (7242, '孟艳华', '140106199109153000', 'mengyanhua@dameng.com', '15812351638', '2008-03-05', 6000, '32', 703);
INSERT INTO `employee` VALUES (7243, '田晓筠', '530103197407018000', 'tianxiaojun@dameng.com', '13612365001', '2011-03-16', 5010, '42', 704);
INSERT INTO `employee` VALUES (7244, '张剑剑', '500105198009013000', 'zhangjianjian@dameng.com', '13512349621', '2008-02-03', 5020, '42', 704);
INSERT INTO `employee` VALUES (7245, '宋金标', '430105199003157000', 'songjinbiao@dameng.com', '15312360448', '2010-01-07', 5030, '42', 704);
INSERT INTO `employee` VALUES (7246, '符春雨', '41010219660216470X', 'fuchunyu@dameng.com', '15712354377', '2014-11-17', 5040, '42', 704);
INSERT INTO `employee` VALUES (7247, '龚才就', '370106196609037000', 'gongcaijiu@dameng.com', '13812371527', '2010-10-27', 5051, '42', 704);
INSERT INTO `employee` VALUES (7248, '陈彩侠', '330107198703056000', 'chencaixia@dameng.com', '15812352297', '2013-09-08', 5060, '42', 704);
INSERT INTO `employee` VALUES (7249, '聂玉玲', '150107196708088000', 'nieyuling@dameng.com', '13912359867', '2009-08-18', 5070, '42', 704);
INSERT INTO `employee` VALUES (7250, '任秋慧', '520102196703087000', 'renqiuhui@dameng.com', '13012361956', '2012-07-28', 5081, '42', 704);
INSERT INTO `employee` VALUES (7251, '祝菊凤', '620107199012243000', 'zhujufeng@dameng.com', '18412355719', '2008-06-09', 5090, '42', 704);
INSERT INTO `employee` VALUES (7252, '冯燕飞', '340107199304075000', 'fengyanfei@dameng.com', '15212356818', '2010-04-19', 5100, '42', 704);
INSERT INTO `employee` VALUES (7253, '梁飞', '520105197610104000', 'liangfei@dameng.com', '13812372006', '2013-04-29', 5110, '42', 704);
INSERT INTO `employee` VALUES (7254, '吴荣', '12010319870124260X', 'wurong@dameng.com', '18712367248', '2010-03-10', 5120, '42', 704);
INSERT INTO `employee` VALUES (7255, '苗贵乐', '210103197203098000', 'miaoguile@dameng.com', '15112356441', '2012-09-27', 5137, '42', 704);
INSERT INTO `employee` VALUES (7256, '康桂云', '440101198602244000', 'kangguiyun@dameng.com', '18712347052', '2009-08-08', 5147, '42', 704);
INSERT INTO `employee` VALUES (7257, '柯玉人', '430101198006011000', 'keyuren@dameng.com', '18712374353', '2011-07-18', 5157, '42', 704);
INSERT INTO `employee` VALUES (7258, '孙冬', '320102198807257000', 'sundong@dameng.com', '15512354542', '2014-06-28', 5167, '42', 704);
INSERT INTO `employee` VALUES (7259, '李丽赟', '510103199010035000', 'liliyun@dameng.com', '13512365910', '2010-05-09', 5177, '42', 704);
INSERT INTO `employee` VALUES (7260, '赵启梅', '310104198106073000', 'zhaoqimei@dameng.com', '13812364109', '2013-04-19', 5187, '42', 704);
INSERT INTO `employee` VALUES (7261, '唐人奎', '42010619670807841X', 'tangrenkui@dameng.com', '15612373101', '2009-03-29', 5197, '42', 704);
INSERT INTO `employee` VALUES (7262, '黄杰锋', '540105197202236000', 'huangjiefeng@dameng.com', '15912373405', '2013-02-01', 5207, '42', 704);
INSERT INTO `employee` VALUES (7263, '王潇潇', '610102198707190000', 'wangxiaoxiao@dameng.com', '15212355468', '2009-01-21', 5218, '42', 704);
INSERT INTO `employee` VALUES (7264, '王红菊', '610105198603303000', 'wanghongju@dameng.com', '13612362860', '2012-01-02', 5228, '42', 704);
INSERT INTO `employee` VALUES (7265, '黎团结', '360101197701270000', 'lituanjie@dameng.com', '13912357769', '2008-10-11', 5238, '42', 704);
INSERT INTO `employee` VALUES (7266, '张茜', '350103197611068000', 'zhangqian@dameng.com', '18512353143', '2011-09-22', 5248, '42', 704);
INSERT INTO `employee` VALUES (7267, '李衍芳', '650105197903230000', 'liyanfang@dameng.com', '15912373309', '2014-08-03', 5258, '42', 704);
INSERT INTO `employee` VALUES (7268, '邓萍萍', '110106198404111000', 'dengpingping@dameng.com', '18912350434', '2010-07-12', 5267, '42', 704);
INSERT INTO `employee` VALUES (7269, '姚家顺', '51010719810720801X', 'yaojiashun@dameng.com', '14712357082', '2013-06-22', 5277, '42', 704);
INSERT INTO `employee` VALUES (7270, '谢巧云', '12010719930129219X', 'xieqiaoyun@dameng.com', '15012370395', '2009-05-03', 5287, '42', 704);
INSERT INTO `employee` VALUES (7271, '陈灵', '500102197103273000', 'chenling@dameng.com', '18712356161', '2012-04-13', 5297, '42', 704);
INSERT INTO `employee` VALUES (7272, '茅贵菊', '310104196806262000', 'maoguiju@dameng.com', '13512375312', '2008-03-23', 5307, '42', 704);
INSERT INTO `employee` VALUES (7273, '朱梦莹', '340105198803287000', 'zhumengying@dameng.com', '15912371633', '2011-02-03', 5317, '42', 704);
INSERT INTO `employee` VALUES (7274, '田鹏程', '210102198802126000', 'tianpengcheng@dameng.com', '13712361115', '2013-01-14', 5327, '42', 704);
INSERT INTO `employee` VALUES (7275, '许忠良', '610105196803307000', 'xuzhongliang@dameng.com', '15612354691', '2009-11-24', 5337, '42', 704);
INSERT INTO `employee` VALUES (7276, '卓淑芳', '500107197203274000', 'zhuoshufang@dameng.com', '15612353913', '2013-10-05', 5347, '42', 704);
INSERT INTO `employee` VALUES (7277, '余正阳', '210107197304210000', 'yuzhengyang@dameng.com', '18112360443', '2009-09-16', 5358, '42', 704);
INSERT INTO `employee` VALUES (7278, '周小莉', '450104198105245000', 'zhouxiaoli@dameng.com', '13712370653', '2012-09-26', 5368, '42', 704);
INSERT INTO `employee` VALUES (7279, '张兆友', '430106198809018000', 'zhangzhaoyou@dameng.com', '15612375881', '2008-03-13', 5384, '42', 704);
INSERT INTO `employee` VALUES (7280, '元成志', '500104196607188000', 'yuanchengzhi@dameng.com', '15812370622', '2011-02-27', 5395, '42', 704);
INSERT INTO `employee` VALUES (7281, '付长荣', '510101197907283000', 'fuchangrong@dameng.com', '18112373196', '2014-01-05', 5405, '42', 704);
INSERT INTO `employee` VALUES (7282, '辛青', '120107196906060000', 'xinqing@dameng.com', '13512361683', '2010-11-14', 5414, '42', 704);
INSERT INTO `employee` VALUES (7283, '朱小龙', '540105198312167000', 'zhuxiaolong@dameng.com', '13012358709', '2013-10-25', 5425, '42', 704);
INSERT INTO `employee` VALUES (7284, '余雪华', '340103197612279000', 'yuxuehua@dameng.com', '15112350485', '2009-10-06', 5435, '42', 704);
INSERT INTO `employee` VALUES (7285, '李兴生', '630104198906091000', 'lixingsheng@dameng.com', '15112366830', '2013-09-16', 5445, '42', 704);
INSERT INTO `employee` VALUES (7286, '陈兴旺', '540106197403296000', 'chenxingwang@dameng.com', '13212361363', '2009-08-27', 5456, '42', 704);
INSERT INTO `employee` VALUES (7287, '吴蕴祺', '220103196703207000', 'wuyunqi@dameng.com', '18912360980', '2012-07-08', 5466, '42', 704);
INSERT INTO `employee` VALUES (7288, '杨星华', '130102199202085000', 'yangxinghua@dameng.com', '18812365516', '2008-06-17', 5476, '42', 704);
INSERT INTO `employee` VALUES (7289, '徐燕', '450101198810168000', 'xuyan@dameng.com', '14512377459', '2011-05-27', 5486, '42', 704);
INSERT INTO `employee` VALUES (7290, '朱再东', '13010419730528772X', 'zhuzaidong@dameng.com', '15212364935', '2014-04-08', 5495, '42', 704);
INSERT INTO `employee` VALUES (7291, '卢丽霞', '360103198311185000', 'lulixia@dameng.com', '18612354102', '2009-03-18', 5505, '42', 704);
INSERT INTO `employee` VALUES (7292, '王长秋', '500104199010305000', 'wangchangqiu@dameng.com', '13312368437', '2013-02-12', 5515, '42', 704);
INSERT INTO `employee` VALUES (7293, '夏柳', '530103198510251000', 'xialiu@dameng.com', '13112370146', '2009-01-09', 5525, '42', 704);
INSERT INTO `employee` VALUES (7294, '田余良', '110106199111031000', 'tianyuliang@dameng.com', '18212367941', '2011-11-19', 5535, '42', 704);
INSERT INTO `employee` VALUES (7295, '董凌', '130105198704217000', 'dongling@dameng.com', '15812366113', '2008-10-01', 5545, '42', 704);
INSERT INTO `employee` VALUES (7296, '梅琳', '410103197906026000', 'meilin@dameng.com', '13012364388', '2011-09-10', 5556, '42', 704);
INSERT INTO `employee` VALUES (7297, '杜潇', '120103198602072000', 'duxiao@dameng.com', '15912360333', '2014-08-21', 5566, '42', 704);
INSERT INTO `employee` VALUES (7298, '于嘉楣', '650106197010231000', 'yujiamei@dameng.com', '15712367740', '2010-07-02', 5576, '42', 704);
INSERT INTO `employee` VALUES (7299, '吴道溪', '450107199002289000', 'wudaoxi@dameng.com', '13512355859', '2013-06-12', 5586, '42', 704);
INSERT INTO `employee` VALUES (7300, '鄂放毅', '370102199008294000', 'efangyi@dameng.com', '15612365942', '2009-05-21', 5596, '42', 704);
INSERT INTO `employee` VALUES (7301, '齐俊伦', '450106199203025000', 'qijunlun@dameng.com', '13212370892', '2013-05-03', 5606, '42', 704);
INSERT INTO `employee` VALUES (7302, '胡力', '120105197407253000', 'huli@dameng.com', '13212363867', '2009-04-14', 6617, '52', 705);
INSERT INTO `employee` VALUES (7303, '杨海明', '540103197302084000', 'yanghaiming@dameng.com', '15612347881', '2012-03-23', 6627, '52', 705);
INSERT INTO `employee` VALUES (7304, '刘卉青', '610101197005235000', 'liuhuiqing@dameng.com', '13312371628', '2014-08-11', 6643, '52', 705);
INSERT INTO `employee` VALUES (7305, '康丽婷', '440104198904089000', 'tangliting@dameng.com', '15312354155', '2010-07-21', 6653, '52', 705);
INSERT INTO `employee` VALUES (7306, '林月明', '120102199008272000', 'linyueming@dameng.com', '13512370649', '2013-07-02', 6663, '52', 705);
INSERT INTO `employee` VALUES (7307, '裴莉萍', '610106198103301000', 'peiliping@dameng.com', '18012348207', '2010-06-12', 6674, '52', 705);
INSERT INTO `employee` VALUES (7308, '周宇迪', '520104198206308000', 'zhouyudi@dameng.com', '15712374861', '2013-05-22', 6684, '52', 705);
INSERT INTO `employee` VALUES (7309, '赵可鑫', '370106197002289000', 'zhaokexin@dameng.com', '15112353966', '2009-04-03', 6693, '52', 705);
INSERT INTO `employee` VALUES (7310, '桂蓉', '640105198906011000', 'guirong@dameng.com', '13212353960', '2011-02-11', 6703, '52', 705);
INSERT INTO `employee` VALUES (7311, '俞霓', '450105196612223000', 'yuni@dameng.com', '13612375206', '2014-01-23', 6713, '52', 705);
INSERT INTO `employee` VALUES (7312, '黄东涛', '510101198012176000', 'huangdongtao@dameng.com', '18012372159', '2010-11-03', 6722, '52', 705);
INSERT INTO `employee` VALUES (7313, '候伟', '23010119930116753X', 'houwei@dameng.com', '18512365594', '2012-10-13', 6732, '52', 705);
INSERT INTO `employee` VALUES (7314, '蒋安辉', '140101196705211000', 'jianganhui@dameng.com', '13912366440', '2008-08-23', 6742, '52', 705);
INSERT INTO `employee` VALUES (7315, '邹风琴', '440101197302227000', 'zoufengqin@dameng.com', '13812368250', '2011-07-03', 6752, '52', 705);
INSERT INTO `employee` VALUES (7316, '黄凤林', '510106198702107000', 'huangfenglin@dameng.com', '14512369426', '2013-06-13', 6761, '52', 705);
INSERT INTO `employee` VALUES (7317, '项建金', '310103197602307000', 'xiangjianjin@dameng.com', '18312360223', '2009-04-23', 6771, '52', 705);
INSERT INTO `employee` VALUES (7318, '丁叶红', '460107198201123000', 'dingyehong@dameng.com', '15112374681', '2012-03-03', 6781, '52', 705);
INSERT INTO `employee` VALUES (7319, '曹曼', '150101199105091000', 'caoman@dameng.com', '18612352097', '2014-02-17', 6790, '52', 705);
INSERT INTO `employee` VALUES (7320, '蔡桂红', '37010519740128428X', 'caiguihong@dameng.com', '13012361764', '2012-02-01', 6801, '52', 705);
INSERT INTO `employee` VALUES (7321, '刘峰', '510106197401094000', 'liufeng@dameng.com', '18912373986', '2008-01-06', 6812, '52', 705);
INSERT INTO `employee` VALUES (7322, '陆晓斌', '510103198511087000', 'luxiaobin@dameng.com', '18212364554', '2011-11-15', 6822, '52', 705);
INSERT INTO `employee` VALUES (7323, '贾振锋', '410103197512131000', 'jiazhenfeng@dameng.com', '15112365026', '2014-10-25', 6831, '52', 705);
INSERT INTO `employee` VALUES (7324, '金丽美', '210102196703088000', 'jinlimei@dameng.com', '18712377344', '2009-09-06', 6841, '52', 705);
INSERT INTO `employee` VALUES (7325, '张春玉', '410103198003074000', 'zhangchunyu@dameng.com', '13112372465', '2012-07-15', 6851, '52', 705);
INSERT INTO `employee` VALUES (7326, '牛红春', '640102198905042000', 'niuhongchun@dameng.com', '15512363756', '2008-06-25', 6861, '52', 705);
INSERT INTO `employee` VALUES (7327, '吴淑屏', '520105198202206000', 'wushuping@dameng.com', '18112351931', '2011-05-06', 6870, '52', 705);
INSERT INTO `employee` VALUES (7328, '周培育', '210105197706204000', 'zhoupeiyu@dameng.com', '15512353886', '2012-09-21', 6886, '52', 705);
INSERT INTO `employee` VALUES (7329, '廖慧', '210101196902188000', 'liaohui@dameng.com', '14512365447', '2008-08-02', 6895, '52', 705);
INSERT INTO `employee` VALUES (7330, '潘子一', '330106197609214000', 'panziyi@dameng.com', '13312357142', '2010-07-12', 6905, '52', 705);
INSERT INTO `employee` VALUES (7331, '王蘅瑛', '53010219721206836X', 'wanghengying@dameng.com', '13712362987', '2013-06-22', 6915, '52', 705);
INSERT INTO `employee` VALUES (7332, '许苏芳', '140105197602017000', 'xusufang@dameng.com', '18112347565', '2009-05-03', 6925, '52', 705);
INSERT INTO `employee` VALUES (7333, '李红桥', '130105198208021000', 'lihongqiao@dameng.com', '18412362678', '2012-03-12', 6935, '52', 705);
INSERT INTO `employee` VALUES (7334, '王文妍', '450105198604276000', 'wangwenyan@dameng.com', '15112360714', '2008-03-23', 6945, '52', 705);
INSERT INTO `employee` VALUES (7335, '贾澎', '320101197308174000', 'jiapeng@dameng.com', '18212371483', '2011-01-04', 6955, '52', 705);
INSERT INTO `employee` VALUES (7336, '刘仁剑', '230102197402085000', 'liurenjian@dameng.com', '15112368668', '2014-11-13', 6964, '52', 705);
INSERT INTO `employee` VALUES (7337, '左海兵', '370105199205166000', 'zuohaibing@dameng.com', '18912346576', '2009-10-23', 6974, '52', 705);
INSERT INTO `employee` VALUES (7338, '丁赛喜', '410105199112233000', 'dingsaixi@dameng.com', '13012361740', '2012-09-04', 6984, '52', 705);
INSERT INTO `employee` VALUES (7339, '赖喜林', '520105197111039000', 'laixilin@dameng.com', '13812347429', '2008-07-13', 6994, '52', 705);
INSERT INTO `employee` VALUES (7340, '乔翠薇', '370101198609124000', 'qiaocuiwei@dameng.com', '15112368691', '2011-06-23', 7003, '52', 705);
INSERT INTO `employee` VALUES (7341, '胡遐', '330103196712210000', 'huxia@dameng.com', '18312365762', '2013-05-04', 7013, '52', 705);
INSERT INTO `employee` VALUES (7342, '王丽宁', '520107198802112000', 'wanglining@dameng.com', '13712369839', '2009-03-14', 7023, '52', 705);
INSERT INTO `employee` VALUES (7343, '王克将', '650103199003215000', 'wangkejiang@dameng.com', '18812359875', '2012-02-16', 7033, '52', 705);
INSERT INTO `employee` VALUES (7344, '黄睿', '500105197807146000', 'huirui@dameng.com', '18512373958', '2014-01-04', 7042, '52', 705);
INSERT INTO `employee` VALUES (7345, '陈甫俊', '510106198705293000', 'chenfujun@dameng.com', '13712347590', '2010-10-13', 7052, '52', 705);
INSERT INTO `employee` VALUES (7346, '吴吴玲', '450102196703130000', 'wuwuling@dameng.com', '13812365781', '2013-09-24', 7062, '52', 705);
INSERT INTO `employee` VALUES (7347, '刘丽苹', '610101198310041000', 'liuliping@dameng.com', '15712357950', '2009-08-04', 7072, '52', 705);
INSERT INTO `employee` VALUES (7348, '周进', '610104197603099000', 'zhoujin@dameng.com', '18612347624', '2011-07-14', 7081, '52', 705);
INSERT INTO `employee` VALUES (7349, '杜晶晶', '430106197309242000', 'dujingjing@dameng.com', '18112374779', '2014-05-24', 7091, '52', 705);
INSERT INTO `employee` VALUES (7350, '邵秀燕', '370104197207048000', 'shaoxiuyan@dameng.com', '13512355220', '2010-05-05', 7101, '52', 705);
INSERT INTO `employee` VALUES (7351, '江守刚', '510102199304192000', 'jiangshougang@dameng.com', '13912356948', '2013-03-14', 7110, '52', 705);
INSERT INTO `employee` VALUES (7352, '梅檬', '410104198906220000', 'meimeng@dameng.com', '18912349610', '2014-07-01', 7126, '52', 705);
INSERT INTO `employee` VALUES (7353, '丰时雨', '620103197406122000', 'fengshiyu@dameng.com', '18112366882', '2010-06-10', 7135, '52', 705);
INSERT INTO `employee` VALUES (7354, '马芳', '520102196908065000', 'mafang@dameng.com', '15212347896', '2012-04-20', 7145, '52', 705);
INSERT INTO `employee` VALUES (7355, '薛小龙', '15010519861003538X', 'xuexiaolong@dameng.com', '18212346033', '2008-03-29', 7155, '52', 705);
INSERT INTO `employee` VALUES (7356, '曹萌', '510102199104076000', 'caomeng@dameng.com', '13812375143', '2010-02-13', 7164, '52', 705);
INSERT INTO `employee` VALUES (7357, '陈金霞', '12010219840913762X', 'chenjinxia@dameng.com', '13212366360', '2013-11-19', 7174, '52', 705);
INSERT INTO `employee` VALUES (7358, '符保成', '650104197303019000', 'fubaocheng@dameng.com', '13512345897', '2009-10-29', 7184, '52', 705);
INSERT INTO `employee` VALUES (7359, '刘衍芳', '450102196912183000', 'liuyanfang@dameng.com', '15312369456', '2012-09-10', 7194, '52', 705);
INSERT INTO `employee` VALUES (7360, '金凯', '630105207709037000', 'jinkai@dameng.com', '15712374011', '2014-08-20', 7203, '52', 705);
INSERT INTO `employee` VALUES (7361, '郁若坤', '320107198312132000', 'yuruokun@dameng.com', '15312367934', '2010-06-01', 7213, '52', 705);
INSERT INTO `employee` VALUES (7362, '李子龙', '530103197010202000', 'lizilong@dameng.com', '13012365561', '2013-05-10', 7222, '52', 705);
INSERT INTO `employee` VALUES (7363, '郝建美', '340107196812231000', 'haojianmei@dameng.com', '13812353353', '2008-04-20', 7232, '52', 705);
INSERT INTO `employee` VALUES (7364, '王毅', '210104196912214000', 'wangyi@dameng.com', '13512353649', '2011-02-09', 7241, '52', 705);
INSERT INTO `employee` VALUES (7365, '马淇桉', '620106198608297000', 'maqian@dameng.com', '18112354961', '2013-11-10', 7251, '52', 705);
INSERT INTO `employee` VALUES (7366, '李献莲', '350104197403303000', 'lixianlian@dameng.com', '13712373491', '2009-10-20', 7261, '52', 705);
INSERT INTO `employee` VALUES (7367, '张英武', '63010119861207797X', 'zhangyingwu@dameng.com', '13812358335', '2012-09-01', 7271, '52', 705);
INSERT INTO `employee` VALUES (7368, '刘荣珍', '460104197902111000', 'liurongzhen@dameng.com', '13712373773', '2009-10-12', 7282, '52', 705);
INSERT INTO `employee` VALUES (7369, '孟安', '35010719890103087X', 'mengan@dameng.com', '14712352463', '2013-09-22', 7293, '52', 705);
INSERT INTO `employee` VALUES (7370, '黄慧', '120105199312040000', 'huanghui@dameng.com', '15912351375', '2009-09-04', 7303, '52', 705);
INSERT INTO `employee` VALUES (7371, '史淑霞', '520106197407115000', 'shishuxia@dameng.com', '15312365757', '2012-08-14', 7313, '52', 705);
INSERT INTO `employee` VALUES (7372, '王建民', '630101197908217000', 'wangjianmin@dameng.com', '18012362501', '2009-07-24', 7323, '52', 705);
INSERT INTO `employee` VALUES (7373, '郑兴斌', '650103197004047000', 'zhengxingbin@dameng.com', '18712370977', '2012-06-05', 7333, '52', 705);
INSERT INTO `employee` VALUES (7374, '毛世彬', '440107199111138000', 'maoshibin@dameng.com', '13312366998', '2008-05-15', 7343, '52', 705);
INSERT INTO `employee` VALUES (7375, '戚玉', '430107199306114000', 'qiyu@dameng.com', '14712377215', '2011-04-25', 7353, '52', 705);
INSERT INTO `employee` VALUES (7376, '辛明思', '150101196706214000', 'xinmingsi@dameng.com', '15512361158', '2013-02-23', 7363, '52', 705);
INSERT INTO `employee` VALUES (7377, '周银', '410102197904091000', 'zhouyin@dameng.com', '18712357318', '2009-08-22', 7380, '52', 705);
INSERT INTO `employee` VALUES (7378, '汪文武', '450107197311178000', 'wangwenwu@dameng.com', '13112349780', '2012-07-03', 7389, '52', 705);
INSERT INTO `employee` VALUES (7379, '吴立燕', '13010219900727402X', 'wuliyan@dameng.com', '14512358006', '2008-06-13', 7399, '52', 705);
INSERT INTO `employee` VALUES (7380, '林菊清', '230106197912217000', 'linjuqing@dameng.com', '15112374444', '2010-05-23', 7409, '52', 705);
INSERT INTO `employee` VALUES (7381, '徐莎莎', '430104197112028000', 'xushasha@dameng.com', '15712351043', '2013-04-04', 7419, '62', 706);
INSERT INTO `employee` VALUES (7382, '白呈君', '370104196808266000', 'baichengjun@dameng.com', '13012346542', '2009-02-08', 7429, '62', 706);
INSERT INTO `employee` VALUES (7383, '达江', '23010619690918415X', 'dajiang@dameng.com', '15112363426', '2012-01-23', 7438, '62', 706);
INSERT INTO `employee` VALUES (7384, '寿腾飞', '540104198304108000', 'shoutengfei@dameng.com', '15112376291', '2008-11-04', 7448, '62', 706);
INSERT INTO `employee` VALUES (7385, '朱翠青', '110107198105308000', 'zhucuiqing@dameng.com', '15212351839', '2010-09-14', 7458, '62', 706);
INSERT INTO `employee` VALUES (7386, '胡尚文', '540107197906298000', 'hushangwen@dameng.com', '13212370631', '2013-08-23', 7467, '62', 706);
INSERT INTO `employee` VALUES (7387, '沈岁斌', '230106197903194000', 'shensuibin@dameng.com', '18012347665', '2008-07-04', 7477, '62', 706);
INSERT INTO `employee` VALUES (7388, '刘凌', '510105197412309000', 'liuling@dameng.com', '13912376920', '2011-05-13', 7486, '62', 706);
INSERT INTO `employee` VALUES (7389, '修丽星', '440106198004296000', 'xiulixing@dameng.com', '15712353482', '2013-04-23', 7496, '62', 706);
INSERT INTO `employee` VALUES (7390, '曾鹏', '440107197302161000', 'zengpeng@dameng.com', '13212370430', '2009-03-04', 7506, '62', 706);
INSERT INTO `employee` VALUES (7391, '何海松', '130102197809209000', 'hehaisong@dameng.com', '15112368984', '2012-01-13', 7516, '62', 706);
INSERT INTO `employee` VALUES (7392, '夏双兴', '310106199303307000', 'xiashuangxing@dameng.com', '14712375091', '2008-11-23', 7525, '62', 706);
INSERT INTO `employee` VALUES (7393, '程岳峰', '320101198002154000', 'chengyuefeng@dameng.com', '18912361238', '2011-10-05', 7536, '62', 706);
INSERT INTO `employee` VALUES (7394, '赖玉萍', '540104197608143000', 'laiyuping@dameng.com', '15212352097', '2014-09-15', 7546, '62', 706);
INSERT INTO `employee` VALUES (7395, '丁绣', '530101197812078000', 'dingxiu@dameng.com', '13212351641', '2010-08-24', 7555, '62', 706);
INSERT INTO `employee` VALUES (7396, '丁雅宏', '320101198701301000', 'dingyahong@dameng.com', '13812371000', '2012-06-05', 7565, '62', 706);
INSERT INTO `employee` VALUES (7397, '严君', '210105197904100000', 'yanjun@dameng.com', '18112366794', '2008-05-14', 7574, '62', 706);
INSERT INTO `employee` VALUES (7398, '吴晴', '450104198205173000', 'wuqing@dameng.com', '18212369234', '2011-04-24', 7584, '62', 706);
INSERT INTO `employee` VALUES (7399, '宋志军', '650101196607211000', 'songzhijun@dameng.com', '15012373141', '2013-03-05', 7594, '62', 706);
INSERT INTO `employee` VALUES (7400, '丁明珠', '370101198109223000', 'dingmingzhu@dameng.com', '15512355300', '2009-01-14', 7603, '62', 706);
INSERT INTO `employee` VALUES (7401, '陈雪珍', '120101198609224000', 'chenxuezhen@dameng.com', '15512355539', '2011-06-01', 7619, '62', 706);
INSERT INTO `employee` VALUES (7402, '余天虹', '650101198108193000', 'yutianhong@dameng.com', '18912346540', '2014-05-11', 7630, '62', 706);
INSERT INTO `employee` VALUES (7403, '张文群', '430103196806018000', 'zhangwenqun@dameng.com', '18312356444', '2011-05-22', 7640, '62', 706);
INSERT INTO `employee` VALUES (7404, '马巧英', '130102199007069000', 'maqiaoying@dameng.com', '13812366724', '2014-04-03', 7650, '62', 706);
INSERT INTO `employee` VALUES (7405, '韩卫华', '520104196801248000', 'hanweihua@dameng.com', '18912346128', '2009-02-23', 7660, '62', 706);
INSERT INTO `employee` VALUES (7406, '李玮', '450106198012138000', 'liwei@dameng.com', '15212346392', '2012-01-23', 7670, '62', 706);
INSERT INTO `employee` VALUES (7407, '徐茂若', '150102197302039000', 'xumaoruo@dameng.com', '13312371244', '2008-11-03', 7680, '62', 706);
INSERT INTO `employee` VALUES (7408, '杨平', '14010619900423103X', 'yangping@dameng.com', '15112370746', '2011-10-13', 7689, '62', 706);
INSERT INTO `employee` VALUES (7409, '梁志华', '460102197104126000', 'liangzhihua@dameng.com', '13312347429', '2013-09-23', 7699, '62', 706);
INSERT INTO `employee` VALUES (7410, '付建辉', '65010219830321060X', 'fujianhui@dameng.com', '13112355390', '2009-07-04', 7709, '62', 706);
INSERT INTO `employee` VALUES (7411, '徐z环', '110106198401283000', 'xuhuan@dameng.com', '15712348085', '2012-06-13', 7718, '62', 706);
INSERT INTO `employee` VALUES (7412, '冷旭', '370106197603271000', 'lengxu@dameng.com', '13012369352', '2014-05-23', 7728, '62', 706);
INSERT INTO `employee` VALUES (7413, '文增昌', '130105198110178000', 'wenzengchang@dameng.com', '13012350608', '2011-04-05', 7739, '62', 706);
INSERT INTO `employee` VALUES (7414, '卢恋', '130102197710154000', 'lulian@dameng.com', '15612374661', '2014-03-15', 7749, '62', 706);
INSERT INTO `employee` VALUES (7415, '高元东', '320102198701277000', 'gaoyuandong@dameng.com', '18712353039', '2010-03-25', 7759, '62', 706);
INSERT INTO `employee` VALUES (7416, '叶庆平', '440105197008094000', 'yeqingping@dameng.com', '15612368190', '2014-02-24', 7770, '62', 706);
INSERT INTO `employee` VALUES (7417, '彭天济', '140107196608032000', 'pengtianji@dameng.com', '15112363066', '2010-01-16', 7780, '62', 706);
INSERT INTO `employee` VALUES (7418, '杨瑶', '370106198304135000', 'yangyao@dameng.com', '18812346562', '2012-11-26', 7789, '62', 706);
INSERT INTO `employee` VALUES (7419, '张塘敏', '230102199106161000', 'zhangtangmin@dameng.com', '13912353395', '2008-10-07', 7799, '62', 706);
INSERT INTO `employee` VALUES (7420, '马得过', '45010419891126173X', 'madeguo@dameng.com', '18112360579', '2011-09-17', 7809, '62', 706);
INSERT INTO `employee` VALUES (7421, '吴攀', '120103198207055000', 'wupan@dameng.com', '15612358331', '2014-07-27', 7819, '62', 706);
INSERT INTO `employee` VALUES (7422, '陈国辉', '640102198707079000', 'chenguohui@dameng.com', '14712373975', '2010-06-08', 7829, '62', 706);
INSERT INTO `employee` VALUES (7423, '司美芳', '110103198403068000', 'simeifang@dameng.com', '18112349302', '2013-05-17', 7838, '62', 706);
INSERT INTO `employee` VALUES (7424, '朱晓昀', '630101197912285000', 'zhuxiaoyun@dameng.com', '18212366123', '2008-04-27', 7848, '62', 706);
INSERT INTO `employee` VALUES (7425, '曹咏梅', '110103198005240000', 'caoyongmei@dameng.com', '13512355021', '2011-02-04', 7858, '62', 706);
INSERT INTO `employee` VALUES (7426, '励海霞', '52010219930922192X', 'lihaixia@dameng.com', '18612352271', '2012-06-22', 7873, '62', 706);
INSERT INTO `employee` VALUES (7427, '叶丽芳', '330105197611052000', 'yelifang@dameng.com', '13512348309', '2008-06-04', 7883, '62', 706);
INSERT INTO `employee` VALUES (7428, '赖飞还', '110105199010120000', 'laifeihuan@dameng.com', '15312374232', '2011-04-13', 7893, '62', 706);
INSERT INTO `employee` VALUES (7429, '曲香', '450106197111030000', 'quxiang@dameng.com', '13612354584', '2014-03-23', 7902, '62', 706);
INSERT INTO `employee` VALUES (7430, '潘华伟', '540107197402108000', 'panhuawei@dameng.com', '13612360968', '2010-02-05', 7912, '62', 706);
INSERT INTO `employee` VALUES (7431, '庄露露', '540103198801160000', 'zhuanglulu@dameng.com', '18412348959', '2012-01-14', 7922, '62', 706);
INSERT INTO `employee` VALUES (7432, '赵小玲', '630102197501169000', 'zhaoxiaoling@dameng.com', '18312372211', '2008-10-23', 7932, '62', 706);
INSERT INTO `employee` VALUES (7433, '卢海平', '510102197106146000', 'luhaiping@dameng.com', '13612356918', '2011-09-04', 7942, '62', 706);
INSERT INTO `employee` VALUES (7434, '吴美华', '500103199210183000', 'wumeihua@dameng.com', '15512369465', '2013-08-14', 7951, '62', 706);
INSERT INTO `employee` VALUES (7435, '李建兴', '330107197109130000', 'lijianxing@dameng.com', '18012354036', '2009-06-24', 7961, '62', 706);
INSERT INTO `employee` VALUES (7436, '刘秀林', '640107197812095000', 'liuxiulin@dameng.com', '18312378038', '2012-05-04', 7970, '62', 706);
INSERT INTO `employee` VALUES (7437, '林晨辉', '620101198912281000', 'linchenhui@dameng.com', '13612369295', '2014-03-14', 7980, '62', 706);
INSERT INTO `employee` VALUES (7438, '谭思茗', '330102197007146000', 'tansiming@dameng.com', '13912346792', '2010-02-02', 7990, '62', 706);
INSERT INTO `employee` VALUES (7439, '谢学昆', '360107198807186000', 'xiexuekun@dameng.com', '15812376829', '2013-01-04', 8000, '62', 706);
INSERT INTO `employee` VALUES (7440, '鲍振艳', '370107197710183000', 'baozhenyan@dameng.com', '18712366609', '2009-11-14', 4509, '72', 707);
INSERT INTO `employee` VALUES (7441, '许浩成', '630104198807133000', 'xuhaocheng@dameng.com', '18912345767', '2012-10-24', 4519, '72', 707);
INSERT INTO `employee` VALUES (7442, '李瑜静', '230104196704041000', 'liyujing@dameng.com', '18412366221', '2008-09-05', 4529, '72', 707);
INSERT INTO `employee` VALUES (7443, '范树超', '630107197003305000', 'fanshuchao@dameng.com', '15312352814', '2010-07-15', 4539, '72', 707);
INSERT INTO `employee` VALUES (7444, '厉少欢', '530107196801086000', 'lishaohuan@dameng.com', '18912349585', '2013-06-24', 4549, '72', 707);
INSERT INTO `employee` VALUES (7445, '郭晓洁', '130103199003172000', 'guoxiaojie@dameng.com', '14712350171', '2009-05-05', 4558, '72', 707);
INSERT INTO `employee` VALUES (7446, '杨冬洁', '520105199211199000', 'yangdongjie@dameng.com', '18512358055', '2011-04-15', 4568, '72', 707);
INSERT INTO `employee` VALUES (7447, '支勤', '35010619710212051X', 'zhiqin@dameng.com', '18212375969', '2014-02-09', 4578, '72', 707);
INSERT INTO `employee` VALUES (7448, '吴祝英', '210104197011191000', 'wuzhuying@dameng.com', '18312360620', '2010-01-05', 4587, '72', 707);
INSERT INTO `employee` VALUES (8001, '吴迎', '460106196910073000', 'wuying@dameng.com', '15112359331', '2012-06-15', 8000, '11', 801);
INSERT INTO `employee` VALUES (8002, '罗利平', '320105197506036000', 'luoliping@dameng.com', '13212356165', '2012-09-09', 5000, '21', 802);
INSERT INTO `employee` VALUES (8004, '李慧建', '650101196806308000', 'lihuijian@dameng.com', '18612374827', '2015-03-27', 5000, '41', 804);
INSERT INTO `employee` VALUES (8100, '潘若斯', '350101197709273000', 'panruosi@dameng.com', '13012353325', '2012-11-15', 15097, '12', 801);
INSERT INTO `employee` VALUES (8101, '杨云焕', '220102198308265000', 'yangyunhuan@dameng.com', '18412366912', '2011-04-13', 15124, '12', 801);
INSERT INTO `employee` VALUES (8102, '刘瑛', '630107199307101000', 'liuying@dameng.com', '15612364131', '2014-03-22', 15133, '12', 801);
INSERT INTO `employee` VALUES (8103, '翁新蕾', '320107197409016000', 'wengxinlei@dameng.com', '15812369430', '2010-02-20', 15143, '12', 801);
INSERT INTO `employee` VALUES (8104, '季国兵', '320103198306089000', 'jiguobing@dameng.com', '13012351298', '2012-01-13', 2653, '22', 802);
INSERT INTO `employee` VALUES (8105, '刘英训', '450103197006229000', 'liuyingxun@dameng.com', '18412348699', '2009-11-23', 2663, '22', 802);
INSERT INTO `employee` VALUES (8106, '唐永超', '640106197502184000', 'tangyongchao@dameng.com', '13812346562', '2012-10-05', 2674, '22', 802);
INSERT INTO `employee` VALUES (8107, '韦小英', '110103196708290000', 'weixiaoying@dameng.com', '15612356834', '2008-09-14', 2684, '22', 802);
INSERT INTO `employee` VALUES (8108, '覃艳', '370103198009031000', 'qinyan@dameng.com', '18712350498', '2011-08-24', 2693, '22', 802);
INSERT INTO `employee` VALUES (8109, '张科', '320103197011190000', 'zhangke@dameng.com', '15212348784', '2013-07-05', 2703, '22', 802);
INSERT INTO `employee` VALUES (8110, '蒋岚', '22010619670618123X', 'jianglan@dameng.com', '15012357405', '2009-05-15', 2713, '22', 802);
INSERT INTO `employee` VALUES (8111, '金亮', '150104198206055000', 'jinliang@dameng.com', '18212348617', '2012-04-25', 2723, '22', 802);
INSERT INTO `employee` VALUES (8112, '万秀松', '320104199206065000', 'wanxiusong@dameng.com', '15812365902', '2008-03-05', 2732, '22', 802);
INSERT INTO `employee` VALUES (8113, '钟钧雯', '420107198503016000', 'zhongjunwen@dameng.com', '15712354597', '2011-02-12', 4243, '42', 804);
INSERT INTO `employee` VALUES (8114, '王云茂', '350101198306174000', 'wangyunmao@dameng.com', '18712371393', '2014-01-26', 4253, '42', 804);
INSERT INTO `employee` VALUES (8115, '将岁顺', '110104196811214000', 'jiangsuishun@dameng.com', '15012372872', '2010-11-06', 4263, '42', 804);
INSERT INTO `employee` VALUES (8116, '蔡鹏', '220105196910104000', 'caipeng@dameng.com', '13512375664', '2013-10-16', 4273, '42', 804);
INSERT INTO `employee` VALUES (8117, '莫明兰', '430105198704275000', 'mominglan@dameng.com', '14712354145', '2010-10-27', 4283, '42', 804);
INSERT INTO `employee` VALUES (8118, '刘芳琴', '460102198301287000', 'liufangqin@dameng.com', '18012358279', '2013-09-08', 4294, '42', 804);
INSERT INTO `employee` VALUES (8119, '项文燕', '500102199003295000', 'xiangwenyan@dameng.com', '18212355553', '2009-08-18', 4303, '42', 804);
INSERT INTO `employee` VALUES (8120, '贾燕婷', '420106198110076000', 'jiayanting@dameng.com', '15812354407', '2012-07-28', 4313, '42', 804);
INSERT INTO `employee` VALUES (8121, '姚建', '370103198506184000', 'yaojian@dameng.com', '18412355909', '2008-06-10', 4324, '42', 804);
INSERT INTO `employee` VALUES (8122, '丁国权', '350106198709159000', 'dingguoquan@dameng.com', '13612366657', '2011-05-20', 4334, '42', 804);
INSERT INTO `employee` VALUES (8123, '黄玉华', '150101197803209000', 'huangyuhua@dameng.com', '13912373355', '2014-05-01', 4344, '42', 804);
INSERT INTO `employee` VALUES (8124, '张聪雷', '34010119750209787X', 'zhangconglei@dameng.com', '14512370639', '2010-03-10', 4354, '42', 804);
INSERT INTO `employee` VALUES (8125, '田文宾', '310104198203014000', 'tianwenbin@dameng.com', '15312371108', '2011-08-26', 4369, '42', 804);
INSERT INTO `employee` VALUES (8126, '农跃军', '110103196504307000', 'nongyuejun@dameng.com', '15312373832', '2008-07-07', 4380, '42', 804);
INSERT INTO `employee` VALUES (9001, '陈强', '120103197101043000', 'chenqiang@dameng.com', '13812375206', '2013-11-05', 8000, '11', 901);
INSERT INTO `employee` VALUES (9002, '刘春天', '310107198103066000', 'liuchuntian@dameng.com', '18012369259', '2012-09-09', 5000, '21', 902);
INSERT INTO `employee` VALUES (9004, '詹方', '500101197309263000', 'zhanfang@dameng.com', '18012356125', '2013-12-10', 6000, '41', 904);
INSERT INTO `employee` VALUES (9005, '何道宝', '120102197802275000', 'hedaobao@dameng.com', '18912351813', '2011-07-10', 6000, '51', 905);
INSERT INTO `employee` VALUES (9100, '张志恭', '310105197012150000', 'zhangzhigong@dameng.com', '15812353600', '2011-07-18', 15390, '12', 901);
INSERT INTO `employee` VALUES (9101, '邵凤霞', '650102199301225000', 'shaofengxia@dameng.com', '18812364388', '2014-06-28', 15400, '12', 901);
INSERT INTO `employee` VALUES (9102, '缪振峰', '22010319770522300X', 'loaozhenfeng@dameng.com', '18912364183', '2010-05-09', 15410, '12', 901);
INSERT INTO `employee` VALUES (9103, '李珏', '540104197812268000', 'liyu@dameng.com', '15512355153', '2013-03-19', 15420, '12', 901);
INSERT INTO `employee` VALUES (9104, '王汀金', '650104198104201000', 'wangtingjin@dameng.com', '18512349556', '2010-03-29', 2930, '22', 902);
INSERT INTO `employee` VALUES (9105, '程朱棉', '440107198603075000', 'chengzhumian@dameng.com', '18412346286', '2012-02-20', 2940, '22', 902);
INSERT INTO `employee` VALUES (9106, '盖军玲', '510106197110024000', 'gaijunling@dameng.com', '15512366706', '2008-11-20', 2950, '22', 902);
INSERT INTO `employee` VALUES (9107, '倪巧荟', '350104197110211000', 'niqiaohui@dameng.com', '18212376546', '2011-10-01', 2960, '22', 902);
INSERT INTO `employee` VALUES (9108, '李传安', '21010219861013633X', 'lichuanan@dameng.com', '18812377784', '2014-09-10', 2970, '22', 902);
INSERT INTO `employee` VALUES (9109, '尤利', '520102196811168000', 'youli@dameng.com', '18512359755', '2009-08-20', 2979, '22', 902);
INSERT INTO `employee` VALUES (9110, '何韫娴', '330102199107101000', 'heyunxian@dameng.com', '13712358942', '2012-07-01', 2989, '22', 902);
INSERT INTO `employee` VALUES (9111, '辛小红', '320104199110067000', 'xinxiaohong@dameng.com', '18412363934', '2008-05-10', 2998, '22', 902);
INSERT INTO `employee` VALUES (9112, '梁子', '460104198804229000', 'liangzi@dameng.com', '18712351058', '2010-04-20', 3008, '22', 902);
INSERT INTO `employee` VALUES (9113, '吴才光', '620107197306248000', 'wucaiguang@dameng.com', '14712369191', '2014-03-01', 4518, '42', 904);
INSERT INTO `employee` VALUES (9114, '侯晓琳', '630103198806250000', 'houxiaolin@dameng.com', '15712375885', '2011-03-13', 4530, '42', 904);
INSERT INTO `employee` VALUES (9115, '郭晶洁', '620106196804262000', 'guojingjie@dameng.com', '15312376420', '2014-02-12', 4540, '42', 904);
INSERT INTO `employee` VALUES (9116, '吴洁玉', '330104198409190000', 'wujieyu@dameng.com', '18012366660', '2010-01-04', 4550, '42', 904);
INSERT INTO `employee` VALUES (9117, '崔文焕', '450106198501137000', 'cuiwenhuan@dameng.com', '13012352185', '2013-11-13', 4559, '42', 904);
INSERT INTO `employee` VALUES (9118, '姚成双', '130102197208062000', 'yaochengshuang@dameng.com', '18012366700', '2009-10-24', 4570, '42', 904);
INSERT INTO `employee` VALUES (9119, '黄涛', '230104197504302000', 'huangtao@dameng.com', '13912362453', '2012-09-05', 4580, '42', 904);
INSERT INTO `employee` VALUES (9120, '郭亚军', '410106198402260000', 'guoyajun@dameng.com', '13912347073', '2008-08-15', 4590, '42', 904);
INSERT INTO `employee` VALUES (9121, '孙志军', '310103198005055000', 'sunzhijun@dameng.com', '18512368637', '2011-07-24', 4600, '42', 904);
INSERT INTO `employee` VALUES (9122, '李丁丁', '310101196902151000', 'lidingding@dameng.com', '13112348712', '2014-06-06', 4609, '42', 904);
INSERT INTO `employee` VALUES (9123, '缪文泽', '620103199304304000', 'liaowenze@dameng.com', '18212353239', '2009-11-22', 4626, '42', 904);
INSERT INTO `employee` VALUES (9124, '罗志坚', '340102198109201000', 'luozhijian@dameng.com', '18512368820', '2012-11-03', 4636, '42', 904);
INSERT INTO `employee` VALUES (9125, '田筠', '460103198602239000', 'tianjun@dameng.com', '13012357414', '2008-09-13', 4646, '42', 904);
INSERT INTO `employee` VALUES (9126, '程筠', '110103198511081000', 'chengjun@dameng.com', '14512353141', '2012-09-23', 4657, '42', 904);
INSERT INTO `employee` VALUES (9127, '任君', '340105197710133000', 'renjun@dameng.com', '13612371945', '2008-08-04', 4666, '42', 904);
INSERT INTO `employee` VALUES (9128, '吴晓科', '360103198501158000', 'wuxiaoke@dameng.com', '13512366728', '2011-07-14', 4676, '42', 904);
INSERT INTO `employee` VALUES (9129, '李赟', '310104197706210000', 'liyun@dameng.com', '14712375144', '2014-06-24', 4686, '42', 904);
INSERT INTO `employee` VALUES (9130, '黄兴红', '430107197704102000', 'huangxinghong@dameng.com', '13712346055', '2010-05-05', 4696, '42', 904);
INSERT INTO `employee` VALUES (9131, '陈莉', '13010419710323665X', 'chenli@dameng.com', '15712378253', '2012-04-15', 4706, '42', 904);
INSERT INTO `employee` VALUES (9132, '吕迪青', '360104197508112000', 'lvdiqing@dameng.com', '15912348169', '2009-03-25', 8716, '52', 905);
INSERT INTO `employee` VALUES (9133, '赵素林', '410105198411076000', 'zhaosulin@dameng.com', '13812372171', '2011-02-09', 8726, '52', 905);
INSERT INTO `employee` VALUES (9134, '孙明', '370102199112154000', 'sunming@dameng.com', '18812354024', '2014-01-16', 8736, '52', 905);
INSERT INTO `employee` VALUES (9135, '王佳佳', '510107198603141000', 'wangjiajia@dameng.com', '15812362094', '2010-11-26', 8746, '52', 905);
INSERT INTO `employee` VALUES (9136, '赵红星', '460107198203203000', 'zhaohongxing@dameng.com', '18712376581', '2013-09-07', 8756, '52', 905);
INSERT INTO `employee` VALUES (9137, '郑秀琼', '150107198904092000', 'zhengxiuqiong@dameng.com', '13612366627', '2009-08-16', 8765, '52', 905);
INSERT INTO `employee` VALUES (9138, '王建云', '640104197112190000', 'wangjianyun@dameng.com', '14512363483', '2011-07-26', 8775, '52', 905);
INSERT INTO `employee` VALUES (9139, '原先富', '120106197909239000', 'yuanxianfu@dameng.com', '14512356937', '2008-06-07', 8785, '52', 905);
INSERT INTO `employee` VALUES (9140, '温毅', '460103198303184000', 'wenyi@dameng.com', '18212373602', '2010-04-16', 8795, '52', 905);
INSERT INTO `employee` VALUES (9141, '吴博健', '230104197706042000', 'wubojian@dameng.com', '18912363711', '2013-03-26', 8804, '52', 905);
INSERT INTO `employee` VALUES (9142, '郭昆', '440106197508100000', 'guokun@dameng.com', '13712378413', '2008-01-07', 8814, '52', 905);
INSERT INTO `employee` VALUES (9143, '牛东', '220101198902042000', 'niudong@dameng.com', '18412368712', '2011-11-16', 8823, '52', 905);
INSERT INTO `employee` VALUES (9144, '杜琳', '540105196610163000', 'dulin@dameng.com', '15612349117', '2013-10-26', 8833, '52', 905);
INSERT INTO `employee` VALUES (9145, '刘飞凤', '460105199105097000', 'liufeifeng@dameng.com', '13012357722', '2009-08-07', 8843, '52', 905);
INSERT INTO `employee` VALUES (10001, '龚顺超', '330104196609216000', 'gongshunchao@dameng.com', '18812370452', '2014-08-15', 8000, '11', 1001);
INSERT INTO `employee` VALUES (10002, '王岳荪', '130105197807294000', 'wangyuesun@dameng.com', '13112352834', '2012-09-09', 5000, '21', 1002);
INSERT INTO `employee` VALUES (10004, '孙吉祥', '220107197003303000', 'sunjixiang@dameng.com', '18412357471', '2014-11-07', 5000, '41', 1004);
INSERT INTO `employee` VALUES (10005, '周晶', '130105197001252000', 'zhoujing@dameng.com', '15312369837', '2011-03-15', 6000, '51', 1005);
INSERT INTO `employee` VALUES (10100, '陈伟婷', '520105197610246000', 'chenweiting@dameng.com', '13612350355', '2012-07-16', 15853, '12', 1001);
INSERT INTO `employee` VALUES (10101, '何杭菊', '220107199201292000', 'hehangju@dameng.com', '18412363124', '2013-01-03', 15868, '12', 1001);
INSERT INTO `employee` VALUES (10102, '欧锋利', '11010119670125608X', 'oufengli@dameng.com', '15712377535', '2009-10-13', 15878, '12', 1001);
INSERT INTO `employee` VALUES (10103, '薛辉明', '210106197412122000', 'xuehuiming@dameng.com', '18412349538', '2012-09-23', 15888, '12', 1001);
INSERT INTO `employee` VALUES (10104, '李燕星', '110103199110016000', 'liyanxing@dameng.com', '15712349942', '2009-09-04', 3398, '22', 1002);
INSERT INTO `employee` VALUES (10105, '于强', '540102199009166000', 'yuqiang@dameng.com', '15212369768', '2011-07-14', 3408, '22', 1002);
INSERT INTO `employee` VALUES (10106, '李菊', '420104198809218000', 'liju@dameng.com', '18312368192', '2014-06-23', 3418, '22', 1002);
INSERT INTO `employee` VALUES (10107, '陈宵宵', '370101197907170000', 'chenxiaoxiao@dameng.com', '18212361512', '2009-05-04', 3427, '22', 1002);
INSERT INTO `employee` VALUES (10108, '章永余', '340102199309226000', 'zhangyongyu@dameng.com', '18012368005', '2012-03-13', 3436, '22', 1002);
INSERT INTO `employee` VALUES (10109, '王登霞', '330106197105152000', 'wangdengxia@dameng.com', '15612353166', '2008-02-13', 3447, '22', 1002);
INSERT INTO `employee` VALUES (10110, '恽小萍', '500106198801143000', 'yunxiaoping@dameng.com', '18112362389', '2011-01-04', 3456, '22', 1002);
INSERT INTO `employee` VALUES (10111, '程银宾', '320102198405146000', 'chengyinbin@dameng.com', '18712350956', '2013-11-14', 3466, '22', 1002);
INSERT INTO `employee` VALUES (10112, '汤世麟', '500103198807022000', 'tangshilin@dameng.com', '13712367354', '2009-10-24', 3476, '22', 1002);
INSERT INTO `employee` VALUES (10113, '谢小强', '410106197507171000', 'xiexiaoqiang@dameng.com', '18212364733', '2013-09-06', 4987, '42', 1004);
INSERT INTO `employee` VALUES (10114, '王小娥', '430101198309128000', 'wangxiaoe@dameng.com', '13912361202', '2010-09-16', 4997, '42', 1004);
INSERT INTO `employee` VALUES (10115, '覃春阳', '530103198911227000', 'qinchunyang@dameng.com', '15712370658', '2013-08-27', 5008, '42', 1004);
INSERT INTO `employee` VALUES (10116, '郑伯雄', '420101198309076000', 'zhengboxiong@dameng.com', '15912345913', '2009-07-08', 5018, '42', 1004);
INSERT INTO `employee` VALUES (10117, '王燕鹰', '440105197106201000', 'wangyanying@dameng.com', '13912351902', '2012-06-18', 5028, '42', 1004);
INSERT INTO `employee` VALUES (10118, '阮夏林', '630103197107108000', 'ruanxialin@dameng.com', '18012361451', '2009-06-28', 5038, '42', 1004);
INSERT INTO `employee` VALUES (10119, '熊付齐', '420103198307113000', 'xiongfuqi@dameng.com', '15312349417', '2012-05-09', 5048, '42', 1004);
INSERT INTO `employee` VALUES (10120, '竺雪凌', '540101197307011000', 'zhuxueling@dameng.com', '18912376261', '2008-04-20', 5059, '42', 1004);
INSERT INTO `employee` VALUES (10121, '王水根', '430107198108074000', 'wangshuigen@dameng.com', '18212367331', '2011-04-01', 5069, '42', 1004);
INSERT INTO `employee` VALUES (10122, '李少波', '120107198201136000', 'lishaobo@dameng.com', '13012352731', '2014-02-11', 5079, '42', 1004);
INSERT INTO `employee` VALUES (10123, '姜道奇', '310101199309068000', 'jiangdaoqi@dameng.com', '13112369006', '2010-01-20', 5089, '42', 1004);
INSERT INTO `employee` VALUES (10124, '雷峰', '340103197311284000', 'leifeng@dameng.com', '18712367447', '2013-11-02', 5099, '42', 1004);
INSERT INTO `employee` VALUES (10125, '杨刚', '500102198102119000', 'yanggang@dameng.com', '14512374171', '2008-05-17', 5115, '42', 1004);
INSERT INTO `employee` VALUES (10126, '王丽丽', '630103198611194000', 'wanglili@dameng.com', '15312348248', '2011-04-27', 5124, '42', 1004);
INSERT INTO `employee` VALUES (10127, '刘青玲', '610101199010194000', 'liuqingling@dameng.com', '15812377869', '2013-03-08', 5134, '42', 1004);
INSERT INTO `employee` VALUES (10128, '张燕林', '420106198002251000', 'zhangyanlin@dameng.com', '18012369630', '2009-01-17', 5144, '42', 1004);
INSERT INTO `employee` VALUES (10129, '孟臻', '630103198506292000', 'mengzhen@dameng.com', '15112368498', '2012-11-27', 5154, '42', 1004);
INSERT INTO `employee` VALUES (10130, '陈启云', '340107197503214000', 'chenqiyun@dameng.com', '15912366950', '2008-10-09', 5164, '42', 1004);
INSERT INTO `employee` VALUES (10131, '徐宜兴', '110102196606215000', 'xuyixing@dameng.com', '18312351890', '2011-09-18', 5174, '42', 1004);
INSERT INTO `employee` VALUES (10132, '刘楠', '340102197402230000', 'liunan@dameng.com', '15112351075', '2014-08-28', 9184, '52', 1005);
INSERT INTO `employee` VALUES (10133, '孔娇蓉', '540102197408046000', 'kongjiaorong@dameng.com', '18612357181', '2009-07-09', 9193, '52', 1005);
INSERT INTO `employee` VALUES (10134, '麻桂兰', '320105197005219000', 'maguilan@dameng.com', '18112347824', '2012-05-18', 9202, '52', 1005);
INSERT INTO `employee` VALUES (10135, '梁婷鹤', '120106198102196000', 'liangtinghe@dameng.com', '13312369465', '2014-04-28', 9212, '52', 1005);
INSERT INTO `employee` VALUES (10136, '陈保成', '440106197310023000', 'chenbaocheng@dameng.com', '14712346201', '2010-02-18', 9221, '52', 1005);
INSERT INTO `employee` VALUES (10137, '黄小龙', '630102196805097000', 'huangxiaolong@dameng.com', '15212362587', '2012-11-18', 9231, '52', 1005);
INSERT INTO `employee` VALUES (10138, '郑小兰', '110102197306274000', 'zhengxiaolan@dameng.com', '18212366028', '2008-10-27', 9241, '52', 1005);
INSERT INTO `employee` VALUES (10139, '杨爱莲', '630107199212304000', 'yangailian@dameng.com', '18312363645', '2010-09-08', 9250, '52', 1005);
INSERT INTO `employee` VALUES (10140, '冯祥维', '220106198701178000', 'fengxiangwei@dameng.com', '18312356589', '2013-07-17', 9260, '52', 1005);
INSERT INTO `employee` VALUES (10141, '张义', '370107198710268000', 'zhangyi@dameng.com', '18212368451', '2010-07-28', 9270, '52', 1005);
INSERT INTO `employee` VALUES (10142, '张笠', '350105198808303000', 'zhangli@dameng.com', '15912370674', '2013-06-09', 9280, '52', 1005);
INSERT INTO `employee` VALUES (10143, '卓银', '440106196701223000', 'zhuoyin@dameng.com', '14512352974', '2008-04-19', 9290, '52', 1005);
INSERT INTO `employee` VALUES (10144, '贾媛媛', '360105197207205000', 'jiayuanyuan@dameng.com', '13912349519', '2011-04-29', 9300, '52', 1005);
INSERT INTO `employee` VALUES (10145, '陆敏', '370106197507156000', 'lumin@dameng.com', '18712363666', '2014-02-26', 9310, '52', 1005);
INSERT INTO `employee` VALUES (11001, '高文栋', '640105196610183000', 'gaowendong@dameng.com', '18712361201', '2012-06-08', 8000, '11', 1101);
INSERT INTO `employee` VALUES (11002, '蔡玉向', '620106196912294000', 'caiyuxiang@dameng.com', '18512352737', '2012-07-05', 5000, '21', 1102);
INSERT INTO `employee` VALUES (11004, '骆宏全', '650104197803039000', 'luohongquan@dameng.com', '15612368626', '2013-04-25', 5000, '41', 1104);
INSERT INTO `employee` VALUES (11005, '刘晓珠', '320102197811291000', 'liuxiaozhu@dameng.com', '18312375205', '2012-11-23', 6000, '51', 1105);
INSERT INTO `employee` VALUES (11100, '谢幸美', '110103197102277000', 'xiexingmei@dameng.com', '13912374116', '2010-02-09', 16320, '12', 1101);
INSERT INTO `employee` VALUES (11101, '张滨', '440107196906249000', 'zhangbin@dameng.com', '18712362728', '2013-11-01', 16330, '12', 1101);
INSERT INTO `employee` VALUES (11102, '奕连波', '450106197207214000', 'yilianbo@dameng.com', '13912374979', '2009-10-11', 16340, '12', 1101);
INSERT INTO `employee` VALUES (11103, '张伦宏', '310101198106251000', 'zhanglunhong@dameng.com', '13312364409', '2012-09-20', 16350, '12', 1101);
INSERT INTO `employee` VALUES (11104, '于永亮', '330107197106277000', 'yuyongliang@dameng.com', '13112353183', '2014-03-08', 3866, '22', 1102);
INSERT INTO `employee` VALUES (11105, '曹建丰', '50010219891203432X', 'caojianfeng@dameng.com', '18212356679', '2010-02-10', 3875, '22', 1102);
INSERT INTO `employee` VALUES (11106, '王代才', '610102198005029000', 'wangdaicai@dameng.com', '18112366089', '2013-01-27', 3886, '22', 1102);
INSERT INTO `employee` VALUES (11107, '任容', '210104197204123000', 'renrong@dameng.com', '18312373863', '2009-11-08', 3895, '22', 1102);
INSERT INTO `employee` VALUES (11108, '蔡冠华', '130107198501191000', 'caiguanhua@dameng.com', '13312376135', '2011-10-18', 3905, '22', 1102);
INSERT INTO `employee` VALUES (11109, '杜陆美', '460102199108172000', 'dulumei@dameng.com', '18412370321', '2014-08-28', 3915, '22', 1102);
INSERT INTO `employee` VALUES (11110, '潘小翠', '540105198611282000', 'panxiaocui@dameng.com', '18112364432', '2010-07-08', 3925, '22', 1102);
INSERT INTO `employee` VALUES (11111, '刘志宾', '620101197207140000', 'liuzhibin@dameng.com', '18812356547', '2013-06-18', 3934, '22', 1102);
INSERT INTO `employee` VALUES (11112, '黄惠娇', '120104198002131000', 'huanghuijiao@dameng.com', '13312352599', '2009-05-28', 3945, '22', 1102);
INSERT INTO `employee` VALUES (11113, '王伟军', '360107197608062000', 'wangweijun@dameng.com', '15912354436', '2012-04-10', 5455, '42', 1104);
INSERT INTO `employee` VALUES (11114, '张俊瑶', '210107198309201000', 'zhangjunyao@dameng.com', '13912373796', '2008-03-20', 5465, '42', 1104);
INSERT INTO `employee` VALUES (11115, '章洪英', '62010619860826748X', 'zhanghongying@dameng.com', '18612356634', '2011-02-01', 5475, '42', 1104);
INSERT INTO `employee` VALUES (11116, '王德强', '230105197903162000', 'wangdeqiang@dameng.com', '18712357581', '2014-01-10', 5484, '42', 1104);
INSERT INTO `employee` VALUES (11117, '张超', '130103196809168000', 'zhangchao@dameng.com', '15712359451', '2010-11-20', 5494, '42', 1104);
INSERT INTO `employee` VALUES (11118, '吴信红', '350107198607057000', 'wuxinhong@dameng.com', '15512359734', '2013-11-02', 5505, '42', 1104);
INSERT INTO `employee` VALUES (11119, '黄金慧', '320104198508283000', 'huangjinhui@dameng.com', '15812378163', '2010-10-12', 5515, '42', 1104);
INSERT INTO `employee` VALUES (11120, '李海林', '340102199001164000', 'lihailin@dameng.com', '18112361250', '2014-10-23', 5526, '42', 1104);
INSERT INTO `employee` VALUES (11121, '张芳', '610102198902011000', 'zhangfang@dameng.com', '15512366374', '2010-09-04', 5536, '42', 1104);
INSERT INTO `employee` VALUES (11122, '杨海博', '430102199204086000', 'yanghaibo@dameng.com', '15612361397', '2013-08-14', 5547, '42', 1104);
INSERT INTO `employee` VALUES (11123, '田永杰', '23010219800925892X', 'tianyongjie@dameng.com', '13112376747', '2009-08-25', 5557, '42', 1104);
INSERT INTO `employee` VALUES (11124, '郑小群', '320104198803094000', 'zhengxiaoqun@dameng.com', '18512354284', '2011-01-04', 5594, '42', 1104);
INSERT INTO `employee` VALUES (11125, '蒋中辉', '140107198010023000', 'jiangzhonghui@dameng.com', '13812351591', '2008-11-14', 5605, '42', 1104);
INSERT INTO `employee` VALUES (11126, '郑佳', '220107198703306000', 'zhengjia@dameng.com', '18912370948', '2012-11-25', 5615, '42', 1104);
INSERT INTO `employee` VALUES (11127, '李家胜', '440101197804021000', 'lijiasheng@dameng.com', '14512368999', '2008-10-06', 5625, '42', 1104);
INSERT INTO `employee` VALUES (11128, '卓建荣', '630102197909033000', 'zhuojianrong@dameng.com', '13312350611', '2009-04-22', 5641, '42', 1104);
INSERT INTO `employee` VALUES (11129, '陈柳春', '340105198309284000', 'chenliuchun@dameng.com', '18012356042', '2013-03-03', 5652, '42', 1104);
INSERT INTO `employee` VALUES (11130, '江葛娇', '510106197408089000', 'jianggejiao@dameng.com', '13912372021', '2009-02-27', 5662, '42', 1104);
INSERT INTO `employee` VALUES (11131, '彭琴娟', '350107198606300000', 'pengqinjuan@dameng.com', '13812378206', '2012-01-24', 5672, '42', 1104);
INSERT INTO `employee` VALUES (11132, '李群', '460104197310297000', 'liqun@dameng.com', '18512347373', '2009-01-05', 9682, '52', 1105);
INSERT INTO `employee` VALUES (11133, '强锋', '220106198404111000', 'qiangfeng@dameng.com', '13012349942', '2011-11-15', 9692, '52', 1105);
INSERT INTO `employee` VALUES (11134, '张静娴', '33010519890823027X', 'zhangjingxian@dameng.com', '15812363277', '2014-10-25', 9702, '52', 1105);
INSERT INTO `employee` VALUES (11135, '常玲', '360103198002248000', 'changling@dameng.com', '13912360083', '2010-09-06', 9712, '52', 1105);
INSERT INTO `employee` VALUES (11136, '彭劲州', '220107197106181000', 'pengjinzhou@dameng.com', '15712355640', '2013-08-16', 9722, '52', 1105);
INSERT INTO `employee` VALUES (11137, '宋建青', '340104197506094000', 'songjianqing@dameng.com', '18312359725', '2009-06-26', 9732, '52', 1105);
INSERT INTO `employee` VALUES (11138, '程海忠', '110102198510199000', 'chenghaizhong@dameng.com', '13212361299', '2012-05-06', 9741, '52', 1105);
INSERT INTO `employee` VALUES (11139, '戴明', '350106197901121000', 'daiming@dameng.com', '14712347245', '2014-04-16', 9751, '52', 1105);
INSERT INTO `employee` VALUES (11140, '陈继军', '410107198211046000', 'chenjijun@dameng.com', '13612366343', '2010-02-17', 9761, '52', 1105);
INSERT INTO `employee` VALUES (11141, '吴翠雯', '450101199205139000', 'wucuiwen@dameng.com', '15112374131', '2012-01-06', 9770, '52', 1105);
INSERT INTO `employee` VALUES (11142, '王迪玉', '310101197507165000', 'wangdiyu@dameng.com', '15512365859', '2008-10-15', 9780, '52', 1105);
INSERT INTO `employee` VALUES (11143, '沈连连', '62010419700307758X', 'shenlianlian@dameng.com', '14512366220', '2011-09-26', 9790, '52', 1105);
INSERT INTO `employee` VALUES (11144, '张智春', '650104198103017000', 'zhangzhichun@dameng.com', '13912369895', '2014-08-06', 9799, '52', 1105);
INSERT INTO `employee` VALUES (11145, '林子程', '220103198501166000', 'linzicheng@dameng.com', '13712346383', '2009-06-16', 9809, '52', 1105);

-- ----------------------------
-- Table structure for job
-- ----------------------------
DROP TABLE IF EXISTS `job`;
CREATE TABLE `job`  (
  `jobId` varchar(20) CHARACTER SET utf8 COLLATE utf8_general_ci NOT NULL,
  `jobTitle` varchar(128) CHARACTER SET utf8 COLLATE utf8_general_ci NULL DEFAULT NULL,
  `minSalary` int(11) NULL DEFAULT NULL,
  `maxSalary` int(11) NULL DEFAULT NULL,
  PRIMARY KEY (`jobId`) USING BTREE
) ENGINE = InnoDB CHARACTER SET = utf8 COLLATE = utf8_general_ci ROW_FORMAT = Compact;

-- ----------------------------
-- Records of job
-- ----------------------------
INSERT INTO `job` VALUES ('11', '总经理', 8000, 50000);
INSERT INTO `job` VALUES ('12', '总经理助理', 5000, 20000);
INSERT INTO `job` VALUES ('13', '秘书', 3000, 6000);
INSERT INTO `job` VALUES ('21', '行政部经理', 5000, 10000);
INSERT INTO `job` VALUES ('22', '文员', 2500, 5000);
INSERT INTO `job` VALUES ('31', '开发部经理', 8000, 20000);
INSERT INTO `job` VALUES ('32', '项目经理', 6000, 20000);
INSERT INTO `job` VALUES ('33', '开发工程师', 6000, 15000);
INSERT INTO `job` VALUES ('41', '市场部经理', 5000, 20000);
INSERT INTO `job` VALUES ('42', '市场专员', 3000, 6000);
INSERT INTO `job` VALUES ('51', '技术支持部经理', 7000, 18000);
INSERT INTO `job` VALUES ('52', '技术支持工程师', 4000, 12000);
INSERT INTO `job` VALUES ('61', '测试部经理', 8000, 20000);
INSERT INTO `job` VALUES ('62', '测试工程师', 4000, 10000);
INSERT INTO `job` VALUES ('71', '人力资源部经理', 6000, 12000);
INSERT INTO `job` VALUES ('72', '招聘专员', 2500, 6000);

SET FOREIGN_KEY_CHECKS = 1;
